"","abe_single.id_x","abe_single.x1","abe_single.x2","abe_single.f_name_nysiis","abe_single.l_name_nysiis","abe_single.year_x","abe_single.id_y","abe_single.y","abe_single.year_y","abe_single.age_diff","abe_single.n","abe_single.posterior","abe_single.true_match"
"1",867,TRUE,-0.328501394394285,"DANAL","WALTAN",1905,867,2.3964065146533,1903,2,1,1,TRUE
"2",647,FALSE,-2.36371033987986,"MAGAN","PATAR",1913,647,-0.0535846324296008,1913,0,1,1,TRUE
"3",35,TRUE,-0.598853887820897,"ZACARY","ANDARS",1910,35,1.939739153447,1910,0,1,1,TRUE
"4",522,FALSE,-0.632621268599112,"JASTAN","WALAN",1911,522,0.839999700807924,1911,0,1,1,TRUE
"5",421,FALSE,-2.59093538331857,"ALAX","WALPAR",1904,421,1.58178590385248,1906,2,1,1,TRUE
"6",261,FALSE,-1.7606784740485,"MAGAN","SNAT",1915,261,1.86535396598511,1915,0,1,1,TRUE
"7",268,TRUE,0.0311922026389448,"HANAH",NA,1900,268,3.91889095732483,1901,1,1,1,TRUE
"8",98,TRUE,-1.15850335514952,"VACTAR","SNAT",1902,358,3.36543050193983,1902,0,1,1,FALSE
"9",361,TRUE,2.77636586440558,"ABAGAL","CANG",1912,721,0.761981848257388,1913,1,1,1,FALSE
"10",879,TRUE,0.482907364012102,"VACTAR","ANDARS",1902,879,3.51132759647106,1902,0,1,1,TRUE
"11",603,FALSE,-0.106770956783011,"MAT","CANG",1918,603,1.81848645290627,1918,0,1,1,TRUE
"12",776,TRUE,-0.00551932077357038,"MADASA","JASAN",1905,776,-1.39213211426376,1903,2,1,1,TRUE
"13",694,FALSE,-0.690416973123265,"RACAL","SNAT",1905,694,-0.580549917846143,1905,0,1,1,TRUE
"14",439,FALSE,2.0575923264343,"ENALY","TAD",1904,439,4.6977234225133,1904,0,1,1,TRUE
"15",548,FALSE,-2.11230905368992,"ASLY","AVAL",1908,548,-1.6579592118993,1908,0,1,1,TRUE
"16",991,FALSE,-1.68865296700377,"RACAL","MALAN",1900,991,0.673591618721455,1900,0,1,1,TRUE
"17",240,TRUE,2.04412043938749,"MACAL","ANDARS",1923,240,9.24187300071355,1923,0,1,1,TRUE
"18",837,FALSE,-0.816095839744802,"RACAL","MALAN",1911,837,1.41160365337199,1910,1,1,1,TRUE
"19",896,TRUE,-0.795605479409453,"RAN","FASAR",1918,896,1.28547827123675,1918,0,1,1,TRUE
"20",242,TRUE,-1.08329537283158,"ZACARY","SNAT",1922,242,1.99594665849168,1921,1,1,1,TRUE
"21",880,FALSE,1.55973801636554,"MAGAN","SARNAN",1909,880,3.84250784114052,1909,0,1,1,TRUE
"22",191,FALSE,2.20737554929242,"MACAL","PATAR",1912,191,4.24234916322699,1911,1,1,1,TRUE
"23",419,FALSE,-1.38012886481781,"TALAR","TAD",1910,419,-0.376752773003312,1910,0,1,1,TRUE
"24",950,FALSE,1.87218638864041,"SARAH","MALAN",1913,950,4.51537598945748,1911,2,1,1,TRUE
"25",668,TRUE,0.798244272235104,"ALAS","JASAN",1912,668,2.72292925902213,1912,0,1,1,TRUE
"26",8,TRUE,-2.11455765100964,"MAT","MALAN",1918,8,-0.401294647242321,1918,0,1,1,TRUE
"27",445,TRUE,-0.107551020645216,"WALAN","CANP",1913,445,2.84970391353917,1911,2,1,1,TRUE
"28",664,TRUE,0.937237850379248,"ASLY","ANDARS",1914,664,4.3536826711015,1914,0,1,1,TRUE
"29",188,TRUE,0.359714651027215,NA,"GADWAN",1921,188,3.60741987347836,1922,1,1,1,TRUE
"30",492,TRUE,1.56719316702721,"ALAS","AVAL",1905,492,5.19350834083295,1904,1,1,1,TRUE
"31",413,FALSE,0.21246739873378,"JA","CRASTA",1902,413,2.73429089705346,1902,0,1,1,TRUE
"32",86,TRUE,0.178381512146986,"EN","CANG",1912,204,5.90216723744004,1913,1,1,1,FALSE
"33",901,TRUE,0.195575607690063,"ELASAB","ANDARS",1912,901,2.71671791845894,1912,0,1,1,TRUE
"34",821,FALSE,-0.999465398923472,"MADASA","BRADY",1906,821,2.47761874302107,1907,1,1,1,TRUE
"35",613,FALSE,-1.41632267146815,"CAL","AVAL",1906,613,1.5349245434654,1906,0,1,1,TRUE
"36",90,TRUE,-0.832389686705484,"SANANT","CRASTA",1906,90,2.16305124277654,1906,0,1,1,TRUE
"37",498,FALSE,-0.38050185322855,"ANTANY","MALAN",1914,498,-0.434780334808842,1913,1,1,1,TRUE
"38",310,TRUE,0.725412319442724,"ZACARY","BRADY",1910,310,1.53629533620231,1910,0,1,1,TRUE
"39",315,FALSE,-0.700884104000167,"MADASA","CANG",1923,315,-1.91639711182053,1923,0,1,1,TRUE
"40",924,TRUE,1.53832033475397,"MADASA","AVAL",1919,924,4.48698916452824,1919,0,1,1,TRUE
"41",993,FALSE,-1.20925292257588,"JA","WALAN",1921,993,1.42966527565757,1923,2,1,1,TRUE
"42",60,TRUE,1.17750214010001,"DANAL","ANDARS",1903,60,4.08621487468834,1903,0,1,1,TRUE
"43",11,TRUE,1.74173185118737,"ANDR","ASANFA",1901,11,3.25088892957664,1900,1,1,1,TRUE
"44",343,TRUE,2.24316039208066,"ALAX","JASAN",1925,343,3.7862738955089,1925,0,1,1,TRUE
"45",780,FALSE,-1.2703110266602,"OLAV","ANDARS",1904,780,1.91691621051453,1904,0,1,1,TRUE
"46",793,TRUE,2.81836447524398,"ALAX","GADWAN",1921,793,5.10518013526167,1921,0,1,1,TRUE
"47",876,FALSE,-0.392237024001951,"JASAF","SNAT",1906,876,2.18986547744587,1906,0,1,1,TRUE
"48",44,FALSE,1.66368725878264,"JA","BRADY",1912,44,1.26850304039892,1912,0,1,1,TRUE
"49",964,TRUE,-0.844199576327879,"ABAGAL","SARNAN",1918,964,3.96226872014998,1918,0,1,1,TRUE
"50",48,FALSE,1.81429954709368,"CAL","WABSTA",1921,48,6.15412287008933,1923,2,1,1,TRUE
"51",291,TRUE,1.17856947175946,"JASAC","MALAN",1921,291,4.05842350605965,1921,0,1,1,TRUE
"52",789,TRUE,-0.121085775434499,"JASAC","ASANFA",1901,789,1.93573784544071,1903,2,1,1,TRUE
"53",966,FALSE,-0.170440507156157,"MACAL","AVAL",1914,966,3.08884178283839,1914,0,1,1,TRUE
"54",983,TRUE,-0.412559172345962,"ALAX","AVAL",1914,983,1.43186037583885,1914,0,1,1,TRUE
"55",486,FALSE,-0.93822026202443,"ZACARY","SNAT",1905,486,0.270683364357244,1905,0,1,1,TRUE
"56",408,FALSE,-0.285034916160804,"VACTAR","CANG",1910,408,0.850217681246495,1910,0,1,1,TRUE
"57",259,TRUE,-2.45180956916811,"MAGAN","MALAN",1903,259,1.69092196832767,1903,0,1,1,TRUE
"58",830,TRUE,0.200807560690488,"JACAB","WABSTA",1922,830,4.91687114381564,1922,0,1,1,TRUE
"59",712,FALSE,-0.395383510286072,"JA","SNAT",1912,712,2.90622223333255,1912,0,1,1,TRUE
"60",710,FALSE,0.332673988642223,"DAVAD","CANG",1917,710,4.94006726717483,1916,1,1,1,TRUE
"61",267,FALSE,1.50480277818835,"CRASTA","PATAR",1904,267,4.48761459780151,1904,0,1,1,TRUE
"62",359,FALSE,-1.38870613797675,"ZACARY","AVAL",1922,359,3.20067936664313,1922,0,1,1,TRUE
"63",658,TRUE,-0.0806869734473344,"MACAL","WALTAN",1924,658,3.775161840174,1924,0,1,1,TRUE
"64",469,TRUE,-1.23489699217381,"LARAN","AVAL",1925,469,1.0392291334213,1925,0,1,1,TRUE
"65",133,FALSE,-1.74190666670852,"ANDR","WALAN",1903,133,0.85575001677897,1903,0,1,1,TRUE
"66",108,TRUE,-1.39224941782356,"MAGAN","WALAN",1905,108,1.63706800812058,1905,0,1,1,TRUE
"67",91,TRUE,-2.15858418229761,"JACAB","BRADY",1919,91,-1.25590787570472,1920,1,1,1,TRUE
"68",826,TRUE,1.80233445942257,"DANAL","SNAT",1908,826,4.34317770004465,1908,0,1,1,TRUE
"69",112,TRUE,1.32663923166844,"SANANT","WABSTA",1902,112,4.17798063806793,1901,1,1,1,TRUE
"70",336,FALSE,3.50446046601738,"MADASA","WALPAR",1908,336,6.94583745857443,1908,0,1,1,TRUE
"71",823,TRUE,-1.25367442594993,"EN","FASAR",1903,823,1.02619355518252,1903,0,1,1,TRUE
"72",432,FALSE,-0.168866165529403,"BRAN","WALTAN",1900,432,2.86839914146623,1900,0,1,1,TRUE
"73",519,TRUE,0.466224767929155,"OLAV","PATAR",1906,519,2.46722013267518,1906,0,1,1,TRUE
"74",612,TRUE,0.886718233594005,"JAN","CRASTA",1903,612,3.06059859529447,1903,0,1,1,TRUE
"75",765,TRUE,-2.27422534532013,"TALAR",NA,1920,765,0.324195894031104,1920,0,1,1,TRUE
"76",15,TRUE,0.134589589993542,"BRAN","MALAN",1925,15,1.1317279478192,1925,0,1,1,TRUE
"77",239,TRUE,1.74559158677502,"RACAL","CANG",1901,239,3.36633640194591,1900,1,1,1,TRUE
"78",365,TRUE,-0.184381180537863,"MADASA","PATAR",1924,365,4.63359438665856,1922,2,1,1,TRUE
"79",749,TRUE,0.718179127343676,"CRASTA","CANG",1903,749,4.45952948279983,1905,2,1,1,TRUE
"80",381,TRUE,-0.74207578748867,"JA","CRASTA",1922,381,0.167106380522066,1922,0,1,1,TRUE
"81",781,FALSE,0.776884181727288,"JASTAN","GADWAN",1925,781,3.74823888744834,1923,2,1,1,TRUE
"82",594,FALSE,1.58805355157089,"JA","ANDARS",1906,594,5.7947185412128,1906,0,1,1,TRUE
"83",989,TRUE,0.911914528019184,"GRAC","WALAN",1924,989,2.47940618205712,1925,1,1,1,TRUE
"84",875,TRUE,1.11056302216731,"ALAS","WALAN",1912,875,2.46292334521168,1912,0,1,1,TRUE
"85",139,TRUE,-0.486230895259796,"ALAXAN","WALAN",1909,139,1.9146695653655,1909,0,1,1,TRUE
"86",79,TRUE,0.394413785235701,"ALAS","WALPAR",1913,79,3.55920410278876,1913,0,1,1,TRUE
"87",409,TRUE,-0.326169657195774,"EN","GADWAN",1904,585,3.15630582958719,1904,0,1,1,FALSE
"88",702,TRUE,0.501598045757172,"JACAB","TAD",1910,702,3.21888281696443,1910,0,1,1,TRUE
"89",477,FALSE,1.0928225607021,"CAL","WABSTA",1912,477,3.88333417434881,1912,0,1,1,TRUE
"90",281,FALSE,-3.68929587966908,"HANAH","MALAN",1915,281,-1.58893660326596,1915,0,1,1,TRUE
"91",252,FALSE,0.745365056837117,"OLAV","FASAR",1913,252,2.306978200778,1913,0,1,1,TRUE
"92",137,FALSE,0.115371050310833,"JAN","GADWAN",1918,137,-0.143415975435841,1918,0,1,1,TRUE
"93",251,FALSE,-0.383383044952431,"ASLY","ASANFA",1908,251,1.37896628343235,1907,1,1,1,TRUE
"94",705,TRUE,-0.178519642836625,"ALAXAN","CANG",1925,705,4.33482207831999,1925,0,1,1,TRUE
"95",976,FALSE,-1.31690453452256,"ZACARY","MALAN",1909,37,4.24320790462722,1909,0,1,1,FALSE
"96",825,FALSE,1.05035845246531,"JACAB","ANDARS",1901,825,4.08597369556566,1902,1,1,1,TRUE
"97",314,TRUE,-1.90375346287294,"ELASAB","BRADY",1907,314,0.544374261397918,1908,1,1,1,TRUE
"98",289,TRUE,-1.28430012808939,"JASAC","AVAL",1903,289,-1.16631785884114,1903,0,1,1,TRUE
"99",82,FALSE,-1.27139965087436,"JAN","CRASTA",1919,82,-0.589319327122587,1919,0,1,1,TRUE
"100",155,FALSE,2.54873925252453,"VACTAR","AVAL",1921,155,3.8162651432833,1921,0,1,1,TRUE
"101",521,TRUE,0.603830095723225,"ALAS","WALAN",1909,521,4.85617210927363,1908,1,1,1,TRUE
"102",592,FALSE,-1.32095840866884,"MACAL","CANP",1908,592,1.16960613514564,1909,1,1,1,TRUE
"103",216,FALSE,-1.57645033664133,"JASAF","WALTAN",1904,216,1.04893060881717,1904,0,1,1,TRUE
"104",372,TRUE,-0.99477290751376,"VACTAR","CANP",1901,372,-1.83041132828391,1901,0,1,1,TRUE
"105",542,TRUE,1.61899212868547,"DANAL","WALPAR",1915,542,7.04770031503603,1915,0,1,1,TRUE
"106",121,FALSE,0.935058955787498,"JAN","WALPAR",1920,121,1.10590375640268,1919,1,1,1,TRUE
"107",662,TRUE,-0.581759936544876,"LARAN","FASAR",1904,662,-0.112412302538693,1906,2,1,1,TRUE
"108",293,TRUE,0.908768386456785,"CRASTA","ANDARS",1913,293,3.08829601276168,1913,0,1,1,TRUE
"109",530,TRUE,0.0543190611567071,"JASAC","CRASTA",1906,530,0.698589570893157,1906,0,1,1,TRUE
"110",591,TRUE,0.0143605149537316,"ELASAB","CANG",1915,591,3.41215030294125,1914,1,1,1,TRUE
"111",683,TRUE,-2.51248292553145,"ENALY","WALTAN",1912,683,0.270035695045691,1912,0,1,1,TRUE
"112",130,FALSE,0.752483294834796,"RACAL","ANDARS",1922,130,2.78029316133631,1921,1,1,1,TRUE
"113",404,TRUE,-0.783987364357534,"RACAL","CANP",1908,322,1.79702675537613,1907,1,1,1,FALSE
"114",981,TRUE,2.31426646495716,"CRASTA","WALTAN",1914,981,4.17416057851492,1914,0,1,1,TRUE
"115",535,TRUE,-3.40884397524746,"DANAL","WALAN",1906,535,-2.79865978099551,1906,0,1,1,TRUE
"116",351,TRUE,-0.804498617534148,"SANANT","ANDARS",1910,351,0.852755420442536,1910,0,1,1,TRUE
"117",65,FALSE,-0.195686454002108,"HANAH","CANG",1924,65,2.93678934302227,1924,0,1,1,TRUE
"118",467,FALSE,1.43145451396735,"BRANDA","WALTAN",1904,467,2.76129523448732,1904,0,1,1,TRUE
"119",553,FALSE,0.921690646648024,"RACAL","MALAN",1902,553,2.82395377277567,1902,0,1,1,TRUE
"120",110,FALSE,-0.0143388172831722,"VACTAR","JASAN",1917,110,2.83391478753753,1917,0,1,1,TRUE
"121",666,TRUE,0.0123093331891736,"ALAX","JASAN",1901,666,4.08228499787899,1901,0,1,1,TRUE
"122",482,FALSE,-0.890365249638279,"CAL","BRADY",1906,482,0.284678363192206,1906,0,1,1,TRUE
"123",146,TRUE,-1.20178392865878,"DAVAD","ASANFA",1921,146,1.63782917072306,1921,0,1,1,TRUE
"124",398,TRUE,0.30275777292282,"JASAF","PATAR",1911,398,2.78881926906429,1913,2,1,1,TRUE
"125",388,FALSE,1.42971341342478,"BRANDA","WALTAN",1915,388,2.28672407441305,1915,0,1,1,TRUE
"126",605,FALSE,1.44046539239476,"ANTANY","SNAT",1912,605,3.13329661460105,1911,1,1,1,TRUE
"127",494,FALSE,0.89898506539572,"JAS","BRADY",1904,494,2.46349952139225,1905,1,1,1,TRUE
"128",246,TRUE,0.727714721759871,"LARAN","CRASTA",1914,246,3.43118856052029,1914,0,1,1,TRUE
"129",489,TRUE,0.205848190654972,"ZACARY","ASANFA",1901,489,3.81935292861661,1901,0,1,1,TRUE
"130",798,TRUE,-0.627677374450107,"MAT","WALPAR",1924,798,2.97576950399908,1924,0,1,1,TRUE
"131",692,FALSE,0.127516979188785,"MAT","FASAR",1922,692,1.14990931845711,1922,0,1,1,TRUE
"132",207,TRUE,0.65781250376547,"TALAR","CANG",1911,561,5.09661384332006,1910,1,1,1,FALSE
"133",737,FALSE,0.684485798984304,"BRAN","MALAN",1912,737,4.30597063192014,1912,0,1,1,TRUE
"134",247,FALSE,-0.764188465840613,"ANDR","BRADY",1920,247,1.35536235859975,1920,0,1,1,TRUE
"135",113,FALSE,0.426781816408204,"ALAXAN","AVAL",1913,113,2.89253021094112,1914,1,1,1,TRUE
"136",201,TRUE,1.52624506575031,"CAL","WABSTA",1915,201,4.05804491360113,1917,2,1,1,TRUE
"137",490,TRUE,-0.934939572841031,"JAS","TAD",1905,490,0.823821126429993,1905,0,1,1,TRUE
"138",401,TRUE,-0.810583368642204,"SARAH","CANP",1924,401,-0.419015511156062,1924,0,1,1,TRUE
"139",345,TRUE,0.461402792166874,"OLAV","ANDARS",1905,345,2.83636259856536,1905,0,1,1,TRUE
"140",383,TRUE,-2.05376462113716,"ZACARY","WALPAR",1924,383,1.33874483820343,1924,0,1,1,TRUE
"141",253,FALSE,0.336731641130387,"MADASA","AVAL",1920,253,1.89058954683075,1920,0,1,1,TRUE
"142",686,TRUE,1.3032780504579,"ASLY","CRASTA",1921,686,4.42789113001799,1921,0,1,1,TRUE
"143",500,TRUE,0.294396328913823,"OLAV","WALAN",1906,500,3.57067412625209,1905,1,1,1,TRUE
"144",196,FALSE,2.77607754948849,"NACAL","WALPAR",1916,196,2.8664138529774,1915,1,1,1,TRUE
"145",915,TRUE,-1.58561349099041,"JASTAN","CANG",1925,915,-0.0988485779918116,1925,0,1,1,TRUE
"146",2,FALSE,-2.91020700387679,"MACAL","WALTAN",1904,2,-1.34645569588922,1904,0,1,1,TRUE
"147",681,TRUE,-2.76018917212572,"ANDR","AVAL",1917,681,1.73002246687372,1918,1,1,1,TRUE
"148",460,TRUE,1.49467752086091,"JACAB","GADWAN",1924,460,4.09186493029336,1924,0,1,1,TRUE
"149",719,FALSE,0.389945725757319,"DANAL","CANP",1922,719,3.35378918583318,1922,0,1,1,TRUE
"150",551,TRUE,2.25842981683302,"JAS","CANG",1921,551,5.4673563833191,1921,0,1,1,TRUE
"151",496,FALSE,-0.460577637607777,"SANANT","BRADY",1904,496,-0.388872386353376,1905,1,1,1,TRUE
"152",894,TRUE,3.52812746219743,"ALAXAN","BRADY",1918,894,2.85839243405083,1918,0,1,1,TRUE
"153",425,TRUE,0.28522918337523,"ALAXAN","WALPAR",1921,425,2.43319466563717,1921,0,1,1,TRUE
"154",859,FALSE,-0.904762117270637,"ELASAB","SNAT",1917,859,0.946556674328416,1917,0,1,1,TRUE
"155",739,TRUE,1.62237479983111,"ALAXAN","GADWAN",1901,739,4.34532533927721,1901,0,1,1,TRUE
"156",434,FALSE,3.26633698365266,"RACAL","BRADY",1917,434,4.97155615805826,1918,1,1,1,TRUE
"157",606,FALSE,0.358646407449243,"ABAGAL","SARNAN",1899,606,2.21699282110075,1900,1,1,1,TRUE
"158",623,TRUE,2.23701424821575,"DAVAD",NA,1904,623,4.67490304740056,1903,1,1,1,TRUE
"159",670,TRUE,0.0289896357956229,"OLAV","PATAR",1911,670,3.62036912830956,1911,0,1,1,TRUE
"160",766,TRUE,1.89886061787074,"ANTANY","PATAR",1913,766,4.86290804182937,1913,0,1,1,TRUE
"161",631,FALSE,0.135569800640877,"TALAR","FASAR",1905,631,0.790484135149205,1905,0,1,1,TRUE
"162",841,TRUE,1.6048540262371,"JASAF","PATAR",1898,841,2.73914936153979,1900,2,1,1,TRUE
"163",614,FALSE,2.0737226950947,"VACTAR","SNAT",1920,614,5.54807963696314,1920,0,1,1,TRUE
"164",688,TRUE,-0.698519502144588,"TALAR","AVAL",1899,688,1.15483559796829,1900,1,1,1,TRUE
"165",153,FALSE,-2.58565391329198,"RACAL","PATAR",1913,153,0.201407021257239,1913,0,1,1,TRUE
"166",941,TRUE,0.154016409627308,"MACAL","SARNAN",1907,941,3.48832129689575,1907,0,1,1,TRUE
"167",163,FALSE,1.42261921841463,"ABAGAL","MALAN",1918,163,4.13683445276039,1918,0,1,1,TRUE
"168",505,FALSE,-0.459615846298308,"GRAC","SNAT",1910,505,1.95432083138878,1910,0,1,1,TRUE
"169",418,TRUE,-0.2872407281622,"ANDR","CANG",1905,418,1.69591545300705,1905,0,1,1,TRUE
"170",206,TRUE,0.776975488451912,"EN","WALAN",1902,206,3.68295062694724,1901,1,1,1,TRUE
"171",124,FALSE,-0.340377917450098,"JA","ANDARS",1913,124,2.29977381569363,1913,0,1,1,TRUE
"172",238,TRUE,1.15767788745618,"ASLY","MALAN",1910,238,4.87473992805654,1910,0,1,1,TRUE
"173",222,TRUE,-0.603705353748079,"ALAXAN","FASAR",1916,222,-1.58655610015783,1916,0,1,1,TRUE
"174",768,TRUE,2.22372363266974,"JASAF","WABSTA",1921,768,4.94352035564215,1920,1,1,1,TRUE
"175",899,FALSE,3.35997193488236,"RACAL","JASAN",1917,899,6.61219134688972,1917,0,1,1,TRUE
"176",178,TRUE,1.49235407809853,"MAT","GADWAN",1907,178,2.55418407958252,1907,0,1,1,TRUE
"177",410,FALSE,-1.71987571850681,"ABAGAL","WALPAR",1902,410,0.419594757357438,1901,1,1,1,TRUE
"178",810,TRUE,1.86172852579362,"TALAR","BRADY",1918,810,5.61041276593914,1918,0,1,1,TRUE
"179",804,TRUE,2.59451789354103,"BRAN","CANP",1917,804,7.59056061748399,1917,0,1,1,TRUE
"180",417,FALSE,-0.201847347527333,"MAT","CANG",1908,417,2.97229426402112,1908,0,1,1,TRUE
"181",14,TRUE,0.485385181408393,"JAS","SNAT",1913,14,6.25864098971375,1914,1,1,1,TRUE
"182",420,TRUE,0.181664783832497,"WALAN","PATAR",1916,420,3.63809889163522,1916,0,1,1,TRUE
"183",100,TRUE,-2.34028252616645,"SARAH","TAD",1906,100,-1.87125685276895,1904,2,1,1,TRUE
"184",570,FALSE,-1.32234310010854,"JAS","AVAL",1921,570,2.4240138794384,1921,0,1,1,TRUE
"185",559,TRUE,1.56438197178712,"OLAV","CARY",1915,559,4.96546383838882,1916,1,1,1,TRUE
"186",52,FALSE,1.48252620568879,"ALAS","CANP",1909,52,2.13642131850845,1908,1,1,1,TRUE
"187",170,TRUE,-0.437162450252572,"DAVAD","MALAN",1921,170,2.74043716923812,1921,0,1,1,TRUE
"188",855,TRUE,0.175463420903419,"ABAGAL","JASAN",1911,855,2.05794335890335,1911,0,1,1,TRUE
"189",939,FALSE,0.0698692218225856,"LARAN","PATAR",1910,939,2.68125355616355,1910,0,1,1,TRUE
"190",66,FALSE,-0.0810087723414604,"SARAH","CRASTA",1901,66,4.33832646523064,1901,0,1,1,TRUE
"191",376,FALSE,0.418699911643124,"CRASTA","GADWAN",1911,376,4.92127777193165,1911,0,1,1,TRUE
"192",287,TRUE,1.08129509680584,"EN","WABSTA",1917,287,3.94557950548045,1917,0,1,1,TRUE
"193",693,FALSE,-1.45715643010412,"JACAB","ASANFA",1915,693,-0.625652987831298,1916,1,1,1,TRUE
"194",134,FALSE,-1.62064582772366,"JA","ASANFA",1904,134,-0.103451496689628,1902,2,1,1,TRUE
"195",583,TRUE,0.785921075953326,"RACAL","CANP",1913,583,3.76900408118961,1913,0,1,1,TRUE
"196",959,FALSE,1.02144412116435,"MADASA","SNAT",1907,959,2.94730086472687,1907,0,1,1,TRUE
"197",229,FALSE,-2.60520503012975,"RACAL","CARY",1917,229,-0.572860860231167,1917,0,1,1,TRUE
"198",772,FALSE,-2.44160952973925,"ALAS","FASAR",1902,772,1.32861078021429,1902,0,1,1,TRUE
"199",767,FALSE,0.232299028020148,"RAN","CANP",1909,767,3.05931178265112,1909,0,1,1,TRUE
"200",936,FALSE,0.309862682538874,"ENALY","CRASTA",1924,936,1.24841721339766,1924,0,1,1,TRUE
"201",47,TRUE,0.513382462286282,"ALAXAN","WALTAN",1907,47,2.78858488819425,1909,2,1,1,TRUE
"202",219,FALSE,0.286394874194955,"DAVAD","TAD",1905,219,4.94714238321124,1905,0,1,1,TRUE
"203",22,FALSE,0.379621516309851,"JACAB","SNAT",1911,22,2.25565265579687,1912,1,1,1,TRUE
"204",847,FALSE,0.427122981547972,"ASLY","JASAN",1911,847,4.81983705784863,1911,0,1,1,TRUE
"205",873,TRUE,1.39922774584763,"JAN","ANDARS",1913,940,3.99151765320228,1913,0,1,1,FALSE
"206",543,FALSE,-0.0775202388303027,"ALAX","SNAT",1921,543,1.88367722281135,1921,0,1,1,TRUE
"207",241,FALSE,-1.0905697058041,"MADASA","GADWAN",1921,241,1.25995433947859,1921,0,1,1,TRUE
"208",785,FALSE,1.500688104587,"ELASAB","PATAR",1908,785,5.14493760554558,1908,0,1,1,TRUE
"209",907,FALSE,-1.22721581129987,"MAGAN","WALPAR",1902,907,2.44240795261831,1902,0,1,1,TRUE
"210",209,TRUE,0.485520994339343,"DAVAD","CANG",1908,209,2.01494340770808,1907,1,1,1,TRUE
"211",117,TRUE,0.572832143667407,"OLAV","GADWAN",1917,117,3.82644731659758,1917,0,1,1,TRUE
"212",904,TRUE,0.0627345471270852,"TALAR","CARY",1925,904,5.83887474329166,1925,0,1,1,TRUE
"213",972,TRUE,-0.479150698765215,"OLAV","FASAR",1905,972,1.38691898892571,1905,0,1,1,TRUE
"214",424,TRUE,-0.711170077627058,"ENALY","CANG",1916,389,-0.82634205530534,1915,1,1,1,FALSE
"215",689,TRUE,-0.0299748156435761,"BRANDA","CARY",1919,689,2.00292313708445,1917,2,1,1,TRUE
"216",760,TRUE,-1.5252389045275,"EN","JASAN",1908,760,-0.408677500649548,1908,0,1,1,TRUE
"217",607,TRUE,-1.75772573661226,"ALAXAN","WALPAR",1925,607,4.30456024042208,1925,0,1,1,TRUE
"218",354,FALSE,1.749212774422,"ALAXAN","CRASTA",1924,354,1.6684192773296,1924,0,1,1,TRUE
"219",61,FALSE,0.365815885606774,"HANAH","MALAN",1906,61,1.15502357592593,1906,0,1,1,TRUE
"220",626,FALSE,0.812949990061782,"MACAL","ANDARS",1921,661,4.13913768468958,1920,1,1,1,FALSE
"221",752,FALSE,0.600465944560923,"OLAV","CRASTA",1904,752,1.62527649940845,1904,0,1,1,TRUE
"222",889,TRUE,0.815869685255574,"JA","ANDARS",1924,889,0.85598007879611,1924,0,1,1,TRUE
"223",211,TRUE,-1.15668408004846,"ENALY","GADWAN",1902,211,-0.303938801755484,1900,2,1,1,TRUE
"224",142,FALSE,1.24616851837017,"WALAN","ANDARS",1913,142,3.50875118662428,1914,1,1,1,TRUE
"225",244,TRUE,-0.533370193471794,"DANAL","ANDARS",1918,244,-0.0546098851091885,1918,0,1,1,TRUE
"226",97,TRUE,-0.139526070324541,"NACAL","AVAL",1915,97,1.95247466769912,1916,1,1,1,TRUE
"227",845,TRUE,3.02780489706975,"RACAL","GADWAN",1922,845,3.93580365562482,1922,0,1,1,TRUE
"228",533,TRUE,-0.142462044146524,"ANDR","WALPAR",1912,533,2.12933269012043,1914,2,1,1,TRUE
"229",949,TRUE,-0.0596651203902997,"TALAR","WABSTA",1915,949,1.86580329020098,1915,0,1,1,TRUE
"230",319,TRUE,-2.87679980357152,"LARAN","GADWAN",1916,319,-2.50469859012121,1914,2,1,1,TRUE
"231",161,TRUE,0.397401278487704,"ABAGAL","ANDARS",1904,161,1.65922451518662,1904,0,1,1,TRUE
"232",12,TRUE,-2.10904008027703,"ABAGAL","PATAR",1900,12,-0.409147683913573,1900,0,1,1,TRUE
"233",304,TRUE,1.54145917243875e-05,"CAL","ANDARS",1899,304,4.15542202169985,1900,1,1,1,TRUE
"234",731,TRUE,4.66577224371744,"EN","MALAN",1916,731,5.9025256758288,1916,0,1,1,TRUE
"235",453,TRUE,-1.38940134797036,"VACTAR","ASANFA",1908,453,3.46798765064287,1908,0,1,1,TRUE
"236",455,TRUE,-0.885162385034562,"JAN","FASAR",1924,455,1.64619964890523,1924,0,1,1,TRUE
"237",970,FALSE,0.492436631139109,"GRAC","AVAL",1911,970,3.08000080631561,1911,0,1,1,TRUE
"238",532,TRUE,0.719586121728697,"JAS","FASAR",1901,532,0.993795895181189,1901,0,1,1,TRUE
"239",3,FALSE,1.58694682797052,"RAN","GADWAN",1923,3,1.51004864736839,1923,0,1,1,TRUE
"240",264,TRUE,-1.14283834833717,"JAS","WALAN",1902,264,2.14271329838691,1901,1,1,1,TRUE
"241",279,TRUE,0.157632055423499,"TALAR",NA,1915,279,2.08361500294844,1915,0,1,1,TRUE
"242",6,FALSE,-0.261162934862475,"EN","SNAT",1910,6,3.76321375995091,1910,0,1,1,TRUE
"243",29,FALSE,-2.51173377750482,"BRANDA","CRASTA",1923,29,1.26330169589588,1925,2,1,1,TRUE
"244",708,TRUE,-1.44270023809471,"CRASTA","WALPAR",1914,708,-1.0709352386561,1914,0,1,1,TRUE
"245",657,FALSE,0.648534879909918,"JASTAN","ASANFA",1917,657,2.63114573940758,1919,2,1,1,TRUE
"246",854,FALSE,-1.5051987146959,"ASLY","ASANFA",1901,854,-1.12000889148579,1901,0,1,1,TRUE
"247",75,TRUE,1.15024640455044,"ASLY","CRASTA",1903,75,4.14014283845476,1905,2,1,1,TRUE
"248",929,FALSE,0.0518914370042155,"BRAN","JASAN",1911,929,0.488811447344436,1911,0,1,1,TRUE
"249",597,TRUE,0.860712949690712,"DAVAD","CANG",1924,597,3.55227702115213,1924,0,1,1,TRUE
"250",541,TRUE,1.28211710629075,"EN","ANDARS",1902,78,1.13977131274025,1902,0,1,1,FALSE
"251",333,TRUE,2.68659440725019,"SANANT",NA,1921,333,6.10781618675488,1921,0,1,1,TRUE
"252",838,TRUE,0.837423956301855,"JA","GADWAN",1916,838,4.14439781616624,1916,0,1,1,TRUE
"253",566,FALSE,-0.757897964159933,"RAN","ANDARS",1924,566,0.425532392006547,1924,0,1,1,TRUE
"254",676,FALSE,-0.498101608346872,"MAT","BRADY",1923,676,0.967418183813071,1923,0,1,1,TRUE
"255",736,TRUE,0.0469966927708832,"MACAL","ANDARS",1907,736,2.76301799422699,1907,0,1,1,TRUE
"256",550,FALSE,-0.768350160459485,"DANAL","MALAN",1917,550,-0.418022998107509,1917,0,1,1,TRUE
"257",120,TRUE,1.52488134136496,"GRAC","CARY",1903,120,5.699843533459,1903,0,1,1,TRUE
"258",28,TRUE,0.478195774670051,"GRAC","WALPAR",1906,28,2.22015713896889,1906,0,1,1,TRUE
"259",262,FALSE,0.598147362358462,"SANANT","TAD",1920,262,2.85516343561479,1920,0,1,1,TRUE
"260",953,TRUE,-0.835478046671323,"ASLY","PATAR",1904,953,2.42846050662272,1906,2,1,1,TRUE
"261",813,TRUE,-0.397776516656378,"JAN","WALTAN",1919,813,2.97757083882252,1919,0,1,1,TRUE
"262",632,TRUE,-1.50055178690416,"JAN",NA,1918,632,2.06390293377846,1918,0,1,1,TRUE
"263",510,TRUE,0.476654822917756,"ABAGAL","CANP",1916,510,2.94644748799141,1918,2,1,1,TRUE
"264",520,TRUE,0.198319705645749,"VACTAR","CANG",1903,520,1.32047397818265,1903,0,1,1,TRUE
"265",744,TRUE,0.0327933150552297,"ALAX","TAD",1921,744,3.70685764432175,1921,0,1,1,TRUE
"266",437,TRUE,-1.30427154344287,"BRANDA","CANP",1901,437,3.02198552627005,1900,1,1,1,TRUE
"267",499,FALSE,-0.88857815800014,"ANDR","BRADY",1900,499,1.7795055514326,1900,0,1,1,TRUE
"268",497,FALSE,-2.30026847903834,"MACAL","BRADY",1908,497,-0.259914864671321,1907,1,1,1,TRUE
"269",848,FALSE,-0.509887790998773,"JAN","BRADY",1918,848,2.88715118973224,1918,0,1,1,TRUE
"270",756,FALSE,-0.0984890597910732,"RACAL","ANDARS",1913,756,3.37869785074937,1912,1,1,1,TRUE
"271",128,FALSE,1.84180797578494,"MADASA","WABSTA",1903,128,3.69662270986023,1903,0,1,1,TRUE
"272",217,FALSE,-2.98013586941264,"SARAH","BRADY",1927,217,-1.29536383292757,1925,2,1,1,TRUE
"273",416,TRUE,0.16290603773471,"RACAL","PATAR",1900,416,3.1334655912868,1900,0,1,1,TRUE
"274",473,TRUE,-0.0674056873834478,"BRANDA","ANDARS",1911,473,1.48937863700536,1911,0,1,1,TRUE
"275",220,FALSE,0.401520579203195,"BRANDA","MALAN",1914,220,1.57049710713312,1912,2,1,1,TRUE
"276",888,FALSE,1.40210451491324,"WALAN","ASANFA",1916,888,3.7571814476279,1915,1,1,1,TRUE
"277",951,TRUE,-3.32130401714167,"ELASAB","GADWAN",1901,951,-0.746783303720128,1901,0,1,1,TRUE
"278",221,TRUE,-0.973934239985149,"MADASA","WALTAN",1918,221,1.42395533010803,1918,0,1,1,TRUE
"279",62,FALSE,1.53410553350012,"JASAC","ANDARS",1900,62,2.63793598807401,1900,0,1,1,TRUE
"280",148,TRUE,-1.6712630533659,"ABAGAL","CANG",1908,148,-0.521177069042742,1908,0,1,1,TRUE
"281",682,TRUE,0.283298373691566,"MAGAN","MALAN",1900,682,3.12154526663402,1900,0,1,1,TRUE
"282",234,FALSE,0.627842003637198,"JAN","FASAR",1908,999,5.60588208378743,1907,1,1,1,FALSE
"283",742,TRUE,-0.82619942094416,NA,"TAD",1922,742,0.220214767468554,1922,0,1,1,TRUE
"284",451,TRUE,0.277002828627524,"DAVAD","WALAN",1902,470,0.549853403290008,1902,0,1,1,FALSE
"285",504,FALSE,-3.56097565850919,"TALAR","WALPAR",1925,504,-1.27071871212732,1925,0,1,1,TRUE
"286",621,FALSE,2.2653079832669,"EN","WALAN",1917,621,3.85357355667604,1919,2,1,1,TRUE
"287",444,TRUE,0.717710566078141,"JASAF","WALTAN",1907,444,2.36203716919351,1909,2,1,1,TRUE
"288",797,FALSE,0.377865015523251,"JASAC","MALAN",1900,797,-0.564945062368705,1901,1,1,1,TRUE
"289",210,FALSE,0.141027788537406,"MAGAN","ASANFA",1901,210,2.1889197339521,1902,1,1,1,TRUE
"290",27,TRUE,-0.717669058437452,"DANAL",NA,1924,27,0.664215319217882,1925,1,1,1,TRUE
"291",576,TRUE,-1.497768071014,"ENALY","TAD",1916,576,1.54938824232557,1916,0,1,1,TRUE
"292",174,FALSE,-1.42801072364692,"ALAX","JASAN",1900,174,0.558932160423881,1900,0,1,1,TRUE
"293",783,TRUE,-0.984742392872829,"ABAGAL",NA,1919,783,1.57827594847451,1920,1,1,1,TRUE
"294",571,FALSE,-2.01023942346127,"JASTAN","CANP",1902,571,1.06363028119956,1904,2,1,1,TRUE
"295",527,TRUE,-0.975649303259744,"JASAC","GADWAN",1911,527,0.530262241697854,1911,0,1,1,TRUE
"296",189,TRUE,1.25496129252893,"BRAN","TAD",1903,189,2.44766275648808,1903,0,1,1,TRUE
"297",663,FALSE,-0.0294429653470193,"RACAL","ANDARS",1910,663,3.66058119201902,1910,0,1,1,TRUE
"298",775,TRUE,-0.590246730751572,"SANANT","CANG",1903,775,2.55880792050364,1903,0,1,1,TRUE
"299",394,TRUE,-0.109043094057174,"DANAL","SARNAN",1920,394,6.54189888300512,1920,0,1,1,TRUE
"300",311,TRUE,-0.450723286237911,"SANANT","PATAR",1914,311,1.10868065475962,1914,0,1,1,TRUE
"301",33,TRUE,1.25397997004474,"ZACARY","MALAN",1904,33,5.60095545801417,1904,0,1,1,TRUE
"302",609,FALSE,0.359117700432537,"RAN","CANG",1900,609,3.04784093833803,1900,0,1,1,TRUE
"303",285,FALSE,0.201851802564401,"CRASTA","JASAN",1912,285,2.75042370392529,1912,0,1,1,TRUE
"304",862,FALSE,0.340058738346517,"HANAH","GADWAN",1908,862,3.63499535538141,1908,0,1,1,TRUE
"305",68,TRUE,0.951423087453068,"JASAC","CANG",1916,68,3.1771204207117,1917,1,1,1,TRUE
"306",874,FALSE,0.582952445841752,"NACAL","ANDARS",1902,874,2.83936285999457,1902,0,1,1,TRUE
"307",651,TRUE,-0.350190262607902,"TALAR","CANG",1914,651,1.70906777620614,1914,0,1,1,TRUE
"308",611,TRUE,-1.29033442641626,"EN","SNAT",1904,611,2.54762494333142,1903,1,1,1,TRUE
"309",819,TRUE,-0.256747523703907,"SANANT","CRASTA",1903,819,0.896818129325913,1903,0,1,1,TRUE
"310",422,FALSE,1.85264868057232,"ALAS","CANG",1910,422,3.85351102420354,1909,1,1,1,TRUE
"311",67,TRUE,1.47278299965648,"BRANDA","ASANFA",1914,67,4.87227242386438,1915,1,1,1,TRUE
"312",753,FALSE,-1.56216956165241,"SANANT","PATAR",1910,753,0.303035539334836,1910,0,1,1,TRUE
"313",308,FALSE,-0.919986229286005,"SANANT","SARNAN",1906,308,1.44609748500242,1908,2,1,1,TRUE
"314",588,TRUE,-3.45968131875639,"DANAL","CANP",1925,588,1.15465254574661,1925,0,1,1,TRUE
"315",697,TRUE,2.38584658738572,"MADASA","TAD",1919,697,5.2823970705824,1919,0,1,1,TRUE
"316",922,FALSE,1.15671837206614,"DANAL","ANDARS",1905,922,3.92172824471457,1905,0,1,1,TRUE
"317",302,TRUE,1.94090066031842,"ENALY","CANG",1901,302,5.32344357503671,1901,0,1,1,TRUE
"318",523,FALSE,1.81105402731236,"VACTAR","WABSTA",1906,523,5.05119100788101,1906,0,1,1,TRUE
"319",893,TRUE,-0.483777539027665,"JAS","SNAT",1920,893,2.9942713114908,1920,0,1,1,TRUE
"320",458,TRUE,-2.04668147824021,"GRAC","CANG",1900,458,-0.962002139347729,1900,0,1,1,TRUE
"321",256,FALSE,-0.523368298906851,"ALAS","SARNAN",1917,256,0.555490627066659,1917,0,1,1,TRUE
"322",103,FALSE,1.97142028585009,"NACAL","BRADY",1911,103,4.2918074899786,1911,0,1,1,TRUE
"323",21,TRUE,-2.32716206384065,NA,"PATAR",1923,21,-0.746536260561336,1923,0,1,1,TRUE
"324",975,FALSE,-0.253535462177094,"RAN","MALAN",1903,975,2.41814020460601,1903,0,1,1,TRUE
"325",824,TRUE,-0.79250429715481,"WALAN","BRADY",1902,824,-0.734815440073954,1902,0,1,1,TRUE
"326",918,TRUE,0.493606454599575,"ABAGAL","CRASTA",1901,918,2.33574333930716,1901,0,1,1,TRUE
"327",321,FALSE,0.530736511358973,"JAN","ANDARS",1918,321,1.933318158567,1918,0,1,1,TRUE
"328",715,TRUE,-0.483627405431121,"ABAGAL","ANDARS",1914,715,2.06387060351119,1914,0,1,1,TRUE
"329",296,TRUE,-0.814903279181098,"CAL","CANG",1902,296,2.17142331835007,1902,0,1,1,TRUE
"330",269,TRUE,-1.30459187561531,"HANAH","SARNAN",1925,269,0.33086401426515,1925,0,1,1,TRUE
"331",849,FALSE,-0.462930562091969,"JASTAN","WALTAN",1911,849,2.65828850546699,1909,2,1,1,TRUE
"332",373,TRUE,0.64776167202384,"ELASAB","CARY",1904,373,2.3461805162091,1904,0,1,1,TRUE
"333",624,FALSE,1.79238835126068,"TALAR","BRADY",1904,624,4.49234672618473,1904,0,1,1,TRUE
"334",182,TRUE,1.3104727505196,"MAT","BRADY",1906,182,6.03852843187356,1905,1,1,1,TRUE
"335",914,FALSE,-1.43543090654534,"JASTAN","MALAN",1923,914,-1.57356047253318,1923,0,1,1,TRUE
"336",184,TRUE,-0.339073647742367,"DAVAD","ASANFA",1913,184,6.28982608773635,1913,0,1,1,TRUE
"337",140,TRUE,-1.2520583171733,"ALAX","BRADY",1917,140,1.79286616758274,1917,0,1,1,TRUE
"338",272,FALSE,-1.52565382974205,"SARAH","JASAN",1919,272,3.62795078022475,1919,0,1,1,TRUE
