"","y","first","last","year","id_y"
"1",2.85077481312784,"Jessica","Walton",1917,1
"2",2.537303945669,"Michael","Todd",1902,2
"3",6.23344468517193,"Zachary","Curry",1925,3
"4",2.77914721860915,"Emma","Walton",1912,4
"5",1.84641687864741,"Hannah","Todd",1910,5
"6",0.315236428920491,"Brandon","Smyth",1902,6
"7",1.67500663657146,"Taylor","Smyth",1904,7
"8",1.66067207285304,"Meghan","Campos",1903,8
"9",1.46936324437467,"Jacob","Webster",1924,9
"10",3.60488421995236,"John","Todd",1922,10
"11",-1.08621544471313,"Emily","Todd",1914,11
"12",3.50950640731187,"Megan","Wolper",1920,12
"13",4.50825974763261,"Matthew","Walton",1901,13
"14",5.17838257531265,"Alyssa","Todd",1912,14
"15",5.15344165901527,"Olivia","Curry",1914,15
"16",0.962470194222249,"Andrew","Anderson",1903,16
"17",3.10326911932169,"David","Wolper",1905,17
"18",2.69532266561094,"Madison","Williams",1905,18
"19",3.60917759925253,"Joseph","Curry",1920,19
"20",2.73053533070603,"Christopher","Johnson",1922,20
"21",3.40883918402795,"Nicholas","Todd",1905,21
"22",2.73197929040006,"Meghan","Todd",1910,22
"23",1.77596473542956,"Sarah","Fischer",1919,23
"24",3.62591189451055,"Joshua","Walton",1916,24
"25",-1.07702952879184,"Jacob","Walton",1920,25
"26",1.1666721512162,"Christopher","Smyth",1924,26
"27",2.64271708546539,"Grace","Avila",1921,27
"28",3.09338375828172,"Alexander","Wolper",1919,28
"29",-0.477184848869396,"Jacob","Williams",1912,29
"30",1.1463402722565,"Christopher","Potter",1904,30
"31",2.58382659503197,"Brandon","Mullins",1902,31
"32",2.65144245877184,"Jessica","Brady",1919,32
"33",2.73939641963069,"William","Cheng",1912,33
"34",2.01431965384902,"Christopher","Fischer",1910,34
"35",1.08479474316254,"Joshua","Avila",1904,35
"36",2.00984345674881,"Ashley","Potter",1921,36
"37",4.29182810818068,"Matthew","Christensen",1912,37
"38",2.32339266510932,"Joseph","Smith",1900,38
"39",-0.19952973696401,"Grace","Smith",1916,39
"40",3.20561883951863,"Joshua","Johnson",1922,40
"41",3.61661360518126,"Megan","Wolper",1905,41
"42",1.63527449576911,"Nicholas","Smyth",1912,42
"43",1.32699127124902,"William","Molina",1901,43
"44",2.23674504997718,"Taylor","Campos",1907,44
"45",1.67330347272452,"Alexis","Andersen",1925,45
"46",-0.568060524444815,"Ashley","Sherman",1913,46
"47",2.59357454032042,"Andrew","Goodwin",1914,47
"48",2.71043960613296,"Daniel","Avila",1906,48
"49",2.7326498250679,"Alexander","Cheng",1907,49
"50",3.05292910873027,"Brandon","Williams",1921,50
"51",-1.14061113961672,"Olivia","Fischer",1924,51
"52",5.11668608356679,"Kayla","Fischer",1916,52
"53",-2.5963503950495,"Daniel","Cheng",1921,53
"54",1.18522454754494,"Zachary","Wolper",1905,54
"55",0.25867620320776,"Christopher","Avila",1922,55
"56",5.01881282529341,"Sarah","Goodwin",1904,56
"57",-0.180191285479124,"David","Williams",1923,57
"58",1.44511610126233,"Daniel","Cheng",1917,58
"59",2.34320027360404,"Nicholas","Chang",1906,59
"60",4.22365961264785,"Joseph","Sherman",1915,60
"61",2.49856075221206,"Grace","Christensen",1900,61
"62",6.92884958835157,"Jessica","Christensen",1907,62
"63",3.12698811746866,"Meghan","Campos",1917,63
"64",2.44243567683331,"Michael","Christensen",1923,64
"65",4.34316118040075,"Nicholas","Williams",1908,65
"66",3.51758030919161,"Nicholas","Williams",1902,66
"67",2.48643813524238,"Anthony","Goodwin",1908,67
"68",1.93075609053377,"Madison","Sherman",1913,68
"69",4.28066987463057,"Megan","Brady",1912,69
"70",0.819774719004594,"Justin","Ashenfelter",1900,70
"71",0.663540909699653,"Elizabeth","Potter",1913,71
"72",1.58084439205206,"Daniel","Andersen",1901,72
"73",6.40390469326405,"Brandon","Anderson",1904,73
"74",0.871219907962276,"Brandon","Goodwin",1902,74
"75",3.4866524520408,"James","Goodwin",1904,75
"76",5.23203255832209,"Matthew","Todd",1900,76
"77",2.76408638844332,"Christopher","Wolper",1908,77
"78",5.27865223429633,"Anthony","Anderson",1906,78
"79",0.195135126454112,"Joseph","Ashenfelter",1914,79
"80",3.08936129059816,"Tyler","Smyth",1915,80
"81",-0.957296889900573,"Alexander","Christensen",1907,81
"82",4.71952792810588,"Sarah","Sherman",1924,82
"83",3.04255290830254,"Daniel","Potter",1909,83
"84",-0.11332109589108,"Justin","Goodwin",1904,84
"85",6.48540991662399,"Meghan","Mullins",1912,85
"86",-0.0301669899074595,"Taylor","Fischer",1919,86
"87",2.84203649682892,"David","Williams",1914,87
"88",1.0036787269809,"Zachary","Johnson",1909,88
"89",1.88382741700264,"Rachel","Sherman",1910,89
"90",-2.38869090238476,"Taylor","Anderson",1902,90
"91",2.2664684998048,"Brandon","Anderson",1908,91
"92",2.27110479926779,"David","Walton",1911,92
"93",2.81552404520386,"John","Webster",1922,93
"94",4.88338104545554,"Matthew","Smyth",1913,94
"95",-0.437752985858832,"Olivia","Todd",1907,95
"96",1.54645376603661,"Alexis","Todd",1918,96
"97",2.52249745393959,"Brandon","Molina",1901,97
"98",1.98228195052992,"Alyssa","Anderson",1908,98
"99",0.947633630455175,"Elizabeth","Brady",1903,99
"100",3.3053326083941,"Jessica","Webster",1921,100
"101",4.53966175326638,"David","Brady",1923,101
"102",2.69244131254328,"Joshua","Brady",1907,102
"103",4.4521568545161,"Alexis","Cheng",1915,103
"104",1.49810796234772,"Madison","Wolper",1908,104
"105",0.976928055138615,"Victoria","Fischer",1917,105
"106",0.00458144203616045,"Brandon","Molina",1918,106
"107",5.07294257573414,"Hannah","Anderson",1911,107
"108",0.928088722604804,"Daniel","Johnson",1913,108
"109",1.82011848961803,"Alexis","Andersen",1910,109
"110",4.44888648230657,"Michael","Walton",1916,110
"111",2.16450757063371,"Hannah","Cheng",1913,111
"112",3.98009839171881,"Emily","Anderson",1900,112
"113",1.41068922373419,"Zachary","Anderson",1919,113
"114",3.59528081591916,"Justin","Smith",1901,114
"115",2.41476672692276,"Daniel","Anderson",1900,115
"116",0.991075098203708,"Alexander","Wolper",1901,116
"117",1.9781812652105,"Lauren","Mullins",1912,117
"118",1.30773744667245,"Emma","Christensen",1901,118
"119",1.70518798702944,"Lauren","Webster",1924,119
"120",-1.97832957477407,"James","Webster",1914,120
"121",2.94093617151485,"Samantha","Ashenfelter",1912,121
"122",1.13313182276343,"Daniel","Potter",1923,122
"123",1.94596649260834,"Taylor","Brady",1908,123
"124",1.3382118884352,"Nicholas","Fischer",1921,124
"125",0.380356001566333,"Brandon","Anderson",1923,125
"126",3.43409884020026,"Daniel","Williams",1914,126
"127",1.82139889349311,"Anthony","Walton",1912,127
"128",4.79566623801637,"Hannah","Williams",1922,128
"129",2.44687625859426,"Nicholas","Walton",1914,129
"130",5.42798335709657,"Meghan","Chang",1917,130
"131",1.99070282324549,"Zachary","Smyth",1905,131
"132",2.28089847570054,"Zachary","Anderson",1923,132
"133",1.3278031154644,"Victoria","Fischer",1919,133
"134",1.3274361061624,"Madison","Goodwin",1902,134
"135",1.92359032202596,"Christopher","Chang",1920,135
"136",4.56565750705883,"James","Mullins",1903,136
"137",-4.01519746510377,"Tyler","Ashenfelter",1917,137
"138",5.01814810211505,"Emma","Chang",1920,138
"139",-0.53793896015776,"Grace","Anderson",1924,139
"140",3.59444634956611,"Emily","Chang",1917,140
"141",6.26012601380064,"Megan","Williams",1921,141
"142",2.42971725043477,"Joseph","Sherman",1910,142
"143",7.57498376702176,"David","Webster",1911,143
"144",1.37815914652689,"Meghan","Potter",1909,144
"145",5.00709347820957,"Lauren","Cheng",1907,145
"146",2.63558543569762,"Christopher","Molina",1903,146
"147",3.27694770388505,"Kayla","Wolper",1920,147
"148",0.811353647459589,"Kayla","Mullins",1919,148
"149",3.65690746010351,"Alexis","Mullins",1915,149
"150",2.84203355645101,"Anthony","Andersen",1908,150
"151",6.41330677519487,"Matthew","Webster",1910,151
"152",-1.10509805435618,"Taylor","Campos",1900,152
"153",0.945944640187318,"James","Todd",1905,153
"154",2.24667406940166,"Samantha","Webster",1906,154
"155",2.09669023846109,"Samantha","Potter",1903,155
"156",-0.728035631881669,"Jessica","Todd",1919,156
"157",1.86658540097475,"Megan","Andersen",1924,157
"158",1.21094258226058,"Meghan","Mullins",1906,158
"159",2.5727997219194,"Ashley","Andersen",1911,159
"160",-3.21256685864099,"Hannah","Todd",1906,160
"161",2.58259395227191,"James","Smith",1905,161
"162",0.678291461606034,"Alexander","Williams",1910,162
"163",3.13897700529561,"Elizabeth","Walton",1917,163
"164",5.01058391486831,"Michael","Webster",1906,164
"165",1.64059452273631,"Samantha","Fischer",1921,165
"166",0.830793916657461,"Jacob","Williams",1916,166
"167",2.50038636408181,"Anthony","Campos",1917,167
"168",0.143357207208156,"Megan","Sherman",1908,168
"169",4.16936973568443,"Joshua","Sherman",1924,169
"170",0.894931227585751,"Brandon","Campos",1913,170
"171",3.81809104562726,"Jessica","Christensen",1916,171
"172",3.10536935919691,"Ryan","Goodwin",1906,172
"173",1.37678708966053,"Ashley","Walton",1925,173
"174",2.8116896270802,"Jessica","Anderson",1914,174
"175",3.34616507582599,"David","Williams",1925,175
"176",2.83423069656944,"Taylor","Brady",1917,176
"177",3.77246447870888,"Grace","Brady",1917,177
"178",1.74909808758399,"Victoria","Fischer",1904,178
"179",0.475579318387833,"Andrew","Brady",1901,179
"180",-1.81663629716894,"Emily","Ashenfelter",1923,180
"181",1.91590009165052,"Christopher","Fischer",1924,181
"182",1.54037928800595,"Ashley","Molina",1925,182
"183",1.66627837421858,"Grace","Smyth",1903,183
"184",2.21408777318808,"Grace","Johnson",1910,184
"185",3.63001400687848,"Justin","Todd",1910,185
"186",0.0761890633927156,"William","Curry",1910,186
"187",3.55235008546787,"Madison","Molina",1923,187
"188",2.1025540461798,"Michael","Webster",1925,188
"189",6.04773733014304,"Tyler","Johnson",1922,189
"190",2.0366710006471,"Brandon","Walton",1902,190
"191",2.77921791042738,"Alexander","Smyth",1901,191
"192",-1.34131729237859,"Alexander","Johnson",1919,192
"193",0.166517032524206,"Tyler","Cheng",1917,193
"194",3.57152542836767,"Jacob","Sherman",1915,194
"195",1.65308496916612,"Justin","Campos",1905,195
"196",0.751166161920316,"Kayla","Williams",1922,196
"197",2.14206815128299,"Zachary","Johnson",1915,197
"198",4.80936942151546,"Joseph","Potter",1910,198
"199",3.86123289507797,"Zachary","Mullins",1923,199
"200",0.174968290923951,"Zachary","Goodwin",1909,200
"201",4.43348082207921,"Zachary","Chang",1922,201
"202",-0.047502125260326,"Brandon","Avila",1919,202
"203",3.94580093798486,"Taylor","Todd",1915,203
"204",0.782347683253507,"Nicholas","Goodwin",1905,204
"205",3.1998698111104,"Madison","Todd",1906,205
"206",2.15621220356484,"David","Potter",1921,206
"207",0.0158207293677837,"Jacob","Johnson",1925,207
"208",1.51342716641985,"Matthew","Potter",1909,208
"209",3.00487978382911,"Anthony","Smyth",1909,209
"210",-3.04056067156965,"Anthony","Christensen",1904,210
"211",0.374838457546958,"Joseph","Mullins",1919,211
"212",2.73873431465019,"Elizabeth","Ashenfelter",1903,212
"213",4.10789860234636,"Taylor","Christensen",1903,213
"214",7.78070403819273,"Emma","Avila",1908,214
"215",-0.844014040841158,"James","Johnson",1912,215
"216",0.251416160790278,"Emily","Campos",1916,216
"217",4.66691717325571,"Emma","Chang",1915,217
"218",2.99554768974419,"Victoria","Cheng",1909,218
"219",4.61710621455196,"Elizabeth","Smyth",1907,219
"220",2.09675600685819,"Alyssa","Fischer",1905,220
"221",3.09005008737673,"Kayla","Molina",1917,221
"222",5.33955755676751,"Alexander","Smyth",1916,222
"223",0.146277597192898,"Jacob","Brady",1906,223
"224",-0.0628469351562213,"Joseph","Curry",1911,224
"225",5.77445698948379,"Justin","Wolper",1922,225
"226",1.70262877972029,"Victoria","Todd",1918,226
"227",2.84153069393443,"Daniel","Wolper",1925,227
"228",2.80248393562197,"Jacob","Walton",1918,228
"229",3.78605007579347,"Elizabeth","Wolper",1916,229
"230",2.65898540914154,"Lauren","Smith",1923,230
"231",2.25364717893195,"Taylor","Curry",1916,231
"232",-0.571110167069881,"Joshua","Avila",1918,232
"233",5.36851191831558,"Megan","Walton",1916,233
"234",4.82355967559394,"Kayla","Molina",1904,234
"235",3.71997869055278,"Michael","Goodwin",1920,235
"236",0.818244324989636,"Madison","Brady",1908,236
"237",4.60907517058361,"Rachel","Potter",1911,237
"238",0.326428193138725,"David","Potter",1922,238
"239",-1.09489615271582,"David","Fischer",1909,239
"240",4.19167260160829,"Madison","Sherman",1903,240
"241",-1.07022826205425,"Tyler","Mullins",1925,241
"242",0.800056366397,"Rachel","Wolper",1908,242
"243",1.74948160223443,"Rachel","Campos",1915,243
"244",4.17860181295409,"Daniel","Curry",1910,244
"245",1.12029090826276,"Kayla","Potter",1918,245
"246",3.80241362813899,"Joshua","Brady",1906,246
"247",3.26796805915019,"Michael","Williams",1914,247
"248",6.35200546708146,"Olivia","Molina",1904,248
"249",2.61208848490243,"Hannah","Campos",1921,249
"250",3.46307632776403,"Taylor","Christensen",1913,250
"251",-2.40273294177537,"Joshua","Fischer",1914,251
"252",1.16312447443993,"Taylor","Anderson",1921,252
"253",1.79148867905303,"Grace","Potter",1920,253
"254",5.12829373217041,"Sarah","Walton",1915,254
"255",2.31189457744896,"Alyssa","Molina",1903,255
"256",4.96735419744463,"Megan","Molina",1914,256
"257",1.04008315240022,"Joseph","Curry",1922,257
"258",2.11291084738475,"Kayla","Fischer",1925,258
"259",3.07034544250037,"Taylor","Wolper",1920,259
"260",4.77072284601037,"Matthew","Williams",1919,260
"261",4.28249073178563,"Joshua","Avila",1919,261
"262",-0.222420310884192,"Nicholas","Ashenfelter",1922,262
"263",4.64709415216325,"Samantha","Sherman",1913,263
"264",3.56150799118384,"James","Cheng",1903,264
"265",4.76221551059297,"Madison","Williams",1903,265
"266",3.157995445585,"Grace","Webster",1903,266
"267",4.43798625773436,"Ryan","Ashenfelter",1905,267
"268",5.59419358053355,"Victoria","Wolper",1919,268
"269",3.25141683304445,"Nicholas","Williams",1907,269
"270",1.70691440940526,"Christopher","Smyth",1911,270
"271",5.23926567024485,"Megan","Chang",1902,271
"272",3.49342170345926,"Zachary","Goodwin",1906,272
"273",-0.333522026383315,"Victoria","Fischer",1905,273
"274",7.71509031972092,"Matthew","Molina",1911,274
"275",1.30505150156442,"Victoria","Fischer",1903,275
"276",0.427824181041658,"Taylor","Sherman",1922,276
"277",2.73329338655119,"Emma","Chang",1913,277
"278",1.85901463534155,"Megan","Campos",1903,278
"279",1.46242949305916,"Lauren","Mullins",1900,279
"280",3.97399215794285,"Lauren","Fischer",1924,280
"281",1.63157216258069,"Daniel","Sherman",1903,281
"282",1.43647265676111,"John","Wolper",1922,282
"283",0.750843399532576,"Christopher","Christensen",1922,283
"284",3.54037720987784,"Andrew","Sherman",1915,284
"285",2.27562301777312,"Hannah","Fischer",1921,285
"286",6.12933939165415,"Matthew","Brady",1919,286
"287",1.53297696259651,"Justin","Todd",1920,287
"288",2.30858638179747,"Matthew","Andersen",1906,288
"289",0.435904815097259,"Emma","Sherman",1913,289
"290",-0.134345655093993,"John","Andersen",1915,290
"291",0.226941635916762,"Justin","Goodwin",1921,291
"292",1.69747742431048,"Anthony","Smyth",1915,292
"293",4.23632027047059,"Madison","Walton",1920,293
"294",1.99096447231835,"Alyssa","Chang",1908,294
"295",4.39295959960024,"Joshua","Johnson",1919,295
"296",1.33560324329779,"Emily","Smith",1913,296
"297",2.51723293250772,"Joseph","Curry",1915,297
"298",5.59329832192586,"Rachel","Avila",1921,298
"299",4.98842737010054,"Rachel","Sherman",1915,299
"300",1.56900287603647,"John","Andersen",1922,300
"301",3.84462112977796,"Samantha","Anderson",1914,301
"302",3.66083624154836,"Zachary","Wolper",1919,302
"303",0.274850275626363,"David","Anderson",1923,303
"304",0.631558359531095,"Lauren","Sherman",1922,304
"305",2.17711736840717,"Ryan","Fischer",1922,305
"306",1.92798684663496,"Joshua","Smith",1904,306
"307",0.963759267563837,"Sarah","Anderson",1911,307
"308",3.31362654450229,"Joshua","Anderson",1903,308
"309",-2.85183917063856,"John","Campos",1900,309
"310",-0.513135086871511,"Tyler","Johnson",1910,310
"311",2.00586550505075,"Madison","Chang",1914,311
"312",-0.388591849299745,"Alexis","Potter",1909,312
"313",3.3617074891579,"Daniel","Campos",1906,313
"314",6.13664454651676,"Megan","Potter",1915,314
"315",6.4009137285774,"Jessica","Smith",1922,315
"316",-0.160861174778083,"Emma","Ashenfelter",1915,316
"317",3.17139904849928,"Zachary","Avila",1921,317
"318",-1.29258494563636,"James","Johnson",1924,318
"319",3.86799033865974,"Nicholas","Webster",1911,319
"320",3.52056642443987,"Madison","Cheng",1911,320
"321",-0.69793828356882,"James","Curry",1919,321
"322",5.55722299541812,"David","Sherman",1914,322
"323",0.700592572683043,"Jacob","Wolper",1903,323
"324",1.51354227595024,"Madison","Potter",1910,324
"325",1.71001599621654,"Alexander","Ashenfelter",1909,325
"326",3.63416370538323,"Jessica","Todd",1921,326
"327",2.17753414818556,"Emma","Avila",1921,327
"328",0.538483323599364,"Hannah","Fischer",1924,328
"329",0.808463550472903,"Joseph","Andersen",1914,329
"330",4.38444636729099,"Zachary","Campos",1922,330
"331",1.74407199067668,"Alyssa","Brady",1922,331
"332",3.5181773007709,"Sarah","Goodwin",1903,332
"333",0.233948509164849,"John","Chang",1921,333
"334",4.54693222293366,"Joshua","Ashenfelter",1918,334
"335",1.06578278785863,"Alexander","Webster",1921,335
"336",2.97524610619125,"Lauren","Chang",1915,336
"337",5.9924157899341,"Alexander","Andersen",1907,337
"338",6.43130125821219,"Megan","Christensen",1911,338
"339",3.41081064257761,"Matthew","Potter",1900,339
"340",-1.10222859558581,"James","Curry",1920,340
"341",1.9998775642366,"Matthew","Brady",1907,341
"342",1.21295170984193,"David","Wolper",1900,342
"343",-0.368954530358431,"Grace","Curry",1912,343
"344",2.01745693627889,"Madison","Chang",1903,344
"345",0.395829426601435,"David","Smith",1903,345
"346",6.84121608363473,"Jacob","Cheng",1917,346
"347",3.90459903416522,"Andrew","Goodwin",1902,347
"348",1.48306998081995,"Ashley","Sherman",1908,348
"349",-0.474936237310341,"Alexis","Johnson",1918,349
"350",1.66762244707356,"Ryan","Campos",1906,350
"351",-0.607677908278958,"Emily","Walton",1925,351
"352",4.81203335388957,"Hannah","Webster",1908,352
"353",1.39371113600376,"Hannah","Fischer",1905,353
"354",4.12266720301059,"Alexander","Webster",1923,354
"355",2.01575239285361,"Alexander","Smyth",1916,355
"356",1.92164685460207,"Anthony","Andersen",1914,356
"357",1.83912091767995,"Christopher","Mullins",1907,357
"358",-0.740302079955579,"Ashley","Johnson",1910,358
"359",3.16139535049311,"Hannah","Anderson",1920,359
"360",4.45838568712699,"Michael","Johnson",1912,360
"361",4.29383939214349,"William","Potter",1918,361
"362",4.20074583368772,"Megan","Anderson",1909,362
"363",0.791988762144074,"Jacob","Walton",1915,363
"364",1.81384463172848,"Samantha","Brady",1902,364
"365",2.0737047364784,"Sarah","Brady",1910,365
"366",2.02088706362727,"Rachel","Curry",1905,366
"367",3.13372028548013,"Matthew","Fischer",1902,367
"368",-0.228167088926771,"Samantha","Smith",1915,368
"369",2.00459696994043,"Olivia","Christensen",1921,369
"370",2.95263456947269,"Christopher","Williams",1917,370
"371",-0.262781543254849,"Jacob","Webster",1901,371
"372",6.05857290431203,"Kayla","Potter",1925,372
"373",7.61838486218593,"Brandon","Potter",1905,373
"374",4.73503563940558,"Justin","Williams",1904,374
"375",1.70343987733099,"Taylor","Smith",1915,375
"376",0.393298165053388,"Ryan","Sherman",1910,376
"377",1.12051627129332,"Joseph","Potter",1922,377
"378",2.62924195172523,"Alexander","Fischer",1917,378
"379",1.46896558951156,"David","Goodwin",1922,379
"380",2.9217168728188,"Christopher","Andersen",1915,380
"381",6.49370889376891,"Alexander","Christensen",1920,381
"382",1.6758892505835,"Zachary","Johnson",1906,382
"383",1.5339988170931,"Sarah","Mullins",1920,383
"384",2.00285734711307,"Joseph","Goodwin",1920,384
"385",3.85708716468104,"Emma","Sherman",1905,385
"386",0.980585082383989,"Joseph","Walton",1912,386
"387",4.19253853839903,"Jacob","Smyth",1920,387
"388",3.49390023719048,"David","Chang",1906,388
"389",3.41761716153394,"Ashley","Avila",1924,389
"390",2.30282934080534,"Kayla","Potter",1900,390
"391",1.36800156972882,"Madison","Potter",1908,391
"392",-1.22134751353839,"Emily","Avila",1906,392
"393",1.68327475155385,"Anthony","Fischer",1921,393
"394",3.71821718271947,"Meghan","Potter",1916,394
"395",0.843054302562702,"Nicholas","Curry",1901,395
"396",2.21875680485817,"Madison","Ashenfelter",1923,396
"397",3.01520583457292,"Jacob","Curry",1903,397
"398",1.74829443689697,"Olivia","Cheng",1903,398
"399",0.0130413976120767,"Samantha","Williams",1922,399
"400",0.502093073725363,"Grace","Molina",1918,400
"401",3.88612818902536,"Hannah","Fischer",1906,401
"402",-3.0389180754345,"Emily","Avila",1909,402
"403",2.71196181855543,"David","Wolper",1904,403
"404",-0.639468965596784,"Grace","Sherman",1912,404
"405",-1.40249492856507,"Alexis","Brady",1920,405
"406",1.31706335049429,"Victoria","Walton",1916,406
"407",1.72546479533564,"Joseph","Smith",1923,407
"408",3.04184197958691,"Madison","Cheng",1910,408
"409",2.17964290485012,"Justin","Campos",1913,409
"410",0.84405275835961,"Jessica","Sherman",1910,410
"411",4.27383139858753,"Daniel","Williams",1910,411
"412",-2.46451536891333,"Ryan","Mullins",1915,412
"413",1.55344347384019,"Emma","Ashenfelter",1924,413
"414",-0.551854790532305,"Sarah","Sherman",1910,414
"415",-0.614584646703863,"Brandon","Sherman",1901,415
"416",2.62157213832629,"Andrew","Christensen",1925,416
"417",2.91299679349155,"Nicholas","Ashenfelter",1918,417
"418",4.36110145435438,"Madison","Mullins",1919,418
"419",3.16011342695372,"Sarah","Anderson",1914,419
"420",3.3464451381739,"Emily","Brady",1901,420
"421",3.26141193057255,"Emily","Walton",1906,421
"422",2.05026658750493,"John","Anderson",1922,422
"423",0.83804441435645,"Samantha","Smith",1901,423
"424",-0.481024411384164,"Olivia","Andersen",1919,424
"425",3.9842914119155,"Meghan","Cheng",1909,425
"426",3.194336168531,"Megan","Ashenfelter",1906,426
"427",2.42240054886093,"Hannah","Brady",1920,427
"428",6.16775742404463,"Matthew","Wolper",1916,428
"429",3.32633712387813,"Nicholas","Johnson",1913,429
"430",2.4608585197047,"Rachel","Williams",1920,430
"431",4.71770644878405,"Matthew","Avila",1921,431
"432",5.54089559009743,"Alyssa","Todd",1900,432
"433",4.72478788431024,"Elizabeth","Walton",1925,433
"434",1.31258184722604,"Megan","Potter",1925,434
"435",4.24699829266568,"James","Webster",1900,435
"436",2.18095638729584,"Jacob","Anderson",1917,436
"437",3.43090315030376,"Andrew","Campos",1913,437
"438",0.13874302646067,"Joseph","Todd",1920,438
"439",-1.67303390661084,"Zachary","Walton",1911,439
"440",1.92214401709431,"Meghan","Johnson",1907,440
"441",0.933510323391841,"Victoria","Campos",1923,441
"442",4.37229325185035,"Tyler","Andersen",1907,442
"443",5.06276103578522,"James","Christensen",1904,443
"444",2.73908220326021,"Matthew","Todd",1925,444
"445",1.63658878505194,"David","Chang",1905,445
"446",3.6234995106932,"Brandon","Mullins",1922,446
"447",2.72002988143888,"Jessica","Andersen",1902,447
"448",5.18519768517918,"Hannah","Johnson",1921,448
"449",2.25283048481601,"Alyssa","Andersen",1914,449
"450",0.512174106568978,"Christopher","Potter",1913,450
"451",-0.290449510958006,"Samantha","Johnson",1917,451
"452",-1.82914554493111,"Ashley","Webster",1915,452
"453",0.811082264484352,"John","Fischer",1906,453
"454",5.41845039359451,"Alyssa","Anderson",1917,454
"455",3.15980178516806,"Emily","Curry",1919,455
"456",-0.144954088701944,"Meghan","Campos",1905,456
"457",2.54257563071092,"Joseph","Webster",1910,457
"458",1.56414356778697,"Samantha","Wolper",1910,458
"459",2.95625969241649,"Emily","Anderson",1922,459
"460",2.25051794077489,"Rachel","Wolper",1916,460
"461",1.10947359591455,"Emily","Walton",1912,461
"462",4.36579403539282,"Zachary","Andersen",1924,462
"463",1.19138778129793,"Emma","Avila",1921,463
"464",2.70430095221177,"Jessica","Smith",1905,464
"465",4.39047108431315,"Taylor","Walton",1919,465
"466",1.13213323532342,"Taylor","Walton",1906,466
"467",3.12597309615197,"Taylor","Wolper",1909,467
"468",5.37605175302352,"Megan","Anderson",1916,468
"469",-0.226808044803126,"Elizabeth","Walton",1924,469
"470",1.94198298454125,"Sarah","Sherman",1903,470
"471",6.56326712834846,"Zachary","Andersen",1918,471
"472",1.47188853514894,"Tyler","Mullins",1904,472
"473",2.02440628793288,"William","Webster",1907,473
"474",-0.739123590270085,"Daniel","Anderson",1915,474
"475",4.72473928620968,"Lauren","Smith",1900,475
"476",2.76290392887911,"Kayla","Johnson",1904,476
"477",3.93600292533195,"John","Molina",1901,477
"478",4.32311086337982,"Elizabeth","Cheng",1915,478
"479",1.03263095130898,"William","Webster",1906,479
"480",4.13524290730129,"Kayla","Wolper",1922,480
"481",3.11004543162147,"Rachel","Christensen",1902,481
"482",-2.86776829342141,"Hannah","Johnson",1920,482
"483",4.87165200679688,"Andrew","Curry",1908,483
"484",2.32867335592687,"Joshua","Ashenfelter",1900,484
"485",6.17602492633547,"William","Brady",1917,485
"486",-0.867244685642769,"Emily","Sherman",1917,486
"487",3.14795086397723,"Sarah","Brady",1917,487
"488",2.47208932413299,"Olivia","Christensen",1921,488
"489",5.81816950177844,"David","Mullins",1908,489
"490",3.42769935188406,"Daniel","Ashenfelter",1905,490
"491",3.4470538478835,"Anthony","Wolper",1917,491
"492",0.962540622624857,"Michael","Cheng",1921,492
"493",1.28772214061946,"Sarah","Chang",1916,493
"494",3.30205324702703,"Madison","Williams",1904,494
"495",-0.509270403990864,"Olivia","Avila",1918,495
"496",5.1655171019759,"Jacob","Curry",1904,496
"497",1.59532510898668,"Joshua","Goodwin",1914,497
"498",5.81421772187608,"Hannah","Walton",1900,498
"499",4.68617983201425,"Megan","Smith",1911,499
"500",-0.293489853560536,"Madison","Todd",1925,500
"501",1.26212948882299,"Tyler","Johnson",1901,501
"502",-2.66790210408895,"Lauren","Johnson",1904,502
"503",1.62591957417009,"Andrew","Campos",1910,503
"504",6.31214207163155,"Ryan","Mullins",1919,504
"505",2.60321899729524,"Joseph","Smyth",1915,505
"506",2.4164266798862,"Samantha","Anderson",1900,506
"507",2.54205473828406,"Rachel","Goodwin",1922,507
"508",-0.738435537019034,"Grace","Ashenfelter",1921,508
"509",1.43755321939541,"Christopher","Brady",1904,509
"510",3.31403568071489,"Megan","Sherman",1923,510
"511",1.82991303434892,"Ashley","Christensen",1912,511
"512",2.41091046353795,"Olivia","Smyth",1908,512
"513",1.476969873101,"Daniel","Smith",1915,513
"514",3.0624263873527,"John","Sherman",1913,514
"515",3.26732780353105,"Brandon","Potter",1909,515
"516",1.95941264820074,"Emily","Cheng",1900,516
"517",-1.46931531827912,"Olivia","Andersen",1914,517
"518",1.2740881443227,"Elizabeth","Avila",1900,518
"519",3.24926541688641,"Taylor","Williams",1911,519
"520",2.39625494027988,"Hannah","Todd",1908,520
"521",1.11192918987396,"Brandon","Brady",1912,521
"522",3.07652380680525,"Ashley","Goodwin",1919,522
"523",1.00991811397724,"Brandon","Webster",1901,523
"524",4.36465193361515,"Kayla","Brady",1903,524
"525",-0.201478379190588,"Emily","Brady",1921,525
"526",-1.17575001151332,"Hannah","Chang",1915,526
"527",3.96561203655853,"Ashley","Ashenfelter",1905,527
"528",4.82598239802222,"Joseph","Walton",1902,528
"529",4.22206167623708,"Joshua","Johnson",1921,529
"530",0.332197348667497,"Ryan","Cheng",1925,530
"531",1.29391230517782,"Joseph","Christensen",1925,531
"532",3.79816863572538,"Anthony","Wolper",1906,532
"533",2.96131823371853,"Alyssa","Christensen",1903,533
"534",-0.691997813145983,"Alexander","Anderson",1907,534
"535",4.45362751933544,"Madison","Wolper",1921,535
"536",2.65705328906884,"Kayla","Johnson",1911,536
"537",3.43807192121309,"Elizabeth","Avila",1912,537
"538",3.71967900515204,"Jacob","Ashenfelter",1908,538
"539",4.05501123222522,"Ryan","Wolper",1919,539
"540",2.23462357561534,"Victoria","Smith",1914,540
"541",0.617675512163126,"Anthony","Curry",1912,541
"542",4.34575109581801,"Lauren","Andersen",1908,542
"543",6.10395169349216,"Taylor","Anderson",1916,543
"544",0.592824780387762,"Brandon","Walton",1911,544
"545",2.12964261643797,"Madison","Webster",1906,545
"546",-1.76723187072112,"Hannah","Wolper",1906,546
"547",0.561744802469185,"Daniel","Brady",1909,547
"548",4.38434755771702,"Anthony","Fischer",1901,548
"549",4.26857440835582,"James","Walton",1901,549
"550",-0.219337774516025,"Zachary","Potter",1912,550
"551",2.57949163423498,"Olivia","Molina",1921,551
"552",7.16815143158478,"Samantha","Anderson",1914,552
"553",5.11732457791328,"Kayla","Curry",1913,553
"554",4.44168621436323,"Joseph","Cheng",1909,554
"555",2.68633951378073,"Rachel","Potter",1912,555
"556",6.31125497052211,"Christopher","Goodwin",1900,556
"557",1.51407256435034,"Christopher","Johnson",1905,557
"558",4.04048906494858,"Samantha","Fischer",1924,558
"559",3.63876784972116,"Christopher","Campos",1901,559
"560",3.484047276685,"Justin","Ashenfelter",1913,560
"561",4.07115642110478,"William","Johnson",1917,561
"562",4.68437026983667,"Sarah","Chang",1913,562
"563",1.87738768554425,"Daniel","Goodwin",1903,563
"564",1.60233571371299,"James","Chang",1903,564
"565",3.11126769173832,"Meghan","Fischer",1915,565
"566",3.11977799572776,"Zachary","Mullins",1913,566
"567",3.78201225679592,"Andrew","Andersen",1915,567
"568",-0.975851742932218,"Ashley","Curry",1920,568
"569",1.80791767254485,"Nicholas","Williams",1909,569
"570",1.54167980788838,"Alexis","Brady",1918,570
"571",0.572255137917246,"Ashley","Chang",1915,571
"572",3.48865179002029,"Emily","Andersen",1918,572
"573",1.26929017025318,"Alexis","Walton",1925,573
"574",2.0229248787009,"Joshua","Johnson",1923,574
"575",4.33235920785779,"Jacob","Mullins",1912,575
"576",3.19159575699547,"Alyssa","Mullins",1921,576
"577",5.80539555573815,"Tyler","Walton",1906,577
"578",3.89589977364787,"Brandon","Avila",1902,578
"579",0.105218482503272,"Brandon","Williams",1923,579
"580",3.33715543662093,"David","Cheng",1902,580
"581",1.37624383225661,"William","Avila",1924,581
"582",0.356398097836297,"Nicholas","Fischer",1912,582
"583",-0.398479082919376,"Justin","Brady",1903,583
"584",-2.07306399982892,"Joseph","Ashenfelter",1902,584
"585",1.38494044413868,"Alexis","Avila",1925,585
"586",2.61160933011134,"Grace","Mullins",1916,586
"587",1.74772654975812,"Tyler","Cheng",1922,587
"588",1.60223122119283,"Michael","Potter",1900,588
"589",0.899984886221189,"Sarah","Campos",1914,589
"590",3.40280091874053,"Alexis","Andersen",1922,590
"591",-1.0930319049252,"Taylor","Williams",1921,591
"592",2.06945653085047,"William","Christensen",1912,592
"593",2.62930563871084,"Nicholas","Ashenfelter",1902,593
"594",4.2325588055131,"Ryan","Wolper",1917,594
"595",-1.4880925911512,"Daniel","Walton",1905,595
"596",2.99851809573671,"Anthony","Anderson",1918,596
"597",2.12450671876574,"Nicholas","Webster",1922,597
"598",4.64143361010637,"Joseph","Christensen",1918,598
"599",1.41680542602649,"Justin","Walton",1905,599
"600",4.6469522910953,"Elizabeth","Avila",1917,600
"601",1.35977918625945,"Andrew","Cheng",1912,601
"602",3.72672686207875,"Christopher","Christensen",1917,602
"603",0.887192140260068,"Ryan","Wolper",1923,603
"604",5.73523843322278,"Daniel","Cheng",1917,604
"605",4.30482995923385,"Alexis","Sherman",1902,605
"606",2.85783582351894,"Jessica","Goodwin",1921,606
"607",6.36786813188808,"Anthony","Christensen",1907,607
"608",0.560370866990244,"Matthew","Andersen",1915,608
"609",0.805356231105715,"Emma","Curry",1923,609
"610",2.36863577965868,"Alexander","Andersen",1912,610
"611",0.357753507688845,"Emily","Sherman",1921,611
"612",1.09206278549342,"Megan","Curry",1910,612
"613",1.0250834498798,"Tyler","Curry",1900,613
"614",0.14245430902372,"Michael","Smyth",1916,614
"615",1.05345551734708,"William","Todd",1916,615
"616",1.58349751065521,"Matthew","Anderson",1925,616
"617",4.90410630784002,"Alexis","Mullins",1912,617
"618",3.47969247771096,"Zachary","Campos",1923,618
"619",-0.213956065531563,"Lauren","Goodwin",1914,619
"620",3.20641820022108,"Alyssa","Avila",1902,620
"621",5.63848134895071,"Meghan","Potter",1903,621
"622",3.31548121840481,"David","Wolper",1917,622
"623",1.18465621613742,"Jessica","Avila",1922,623
"624",5.38505112770664,"Ashley","Walton",1904,624
"625",3.63597344735733,"Daniel","Avila",1904,625
"626",0.444085811787781,"Daniel","Chang",1923,626
"627",2.30057612844107,"Sarah","Wolper",1923,627
"628",4.25843831758498,"Elizabeth","Andersen",1909,628
"629",2.87011982821125,"Samantha","Andersen",1912,629
"630",1.4735645317495,"Alexander","Smith",1900,630
"631",4.8223049379236,"Joseph","Chang",1923,631
"632",5.64881501116424,"Zachary","Fischer",1916,632
"633",2.56798438145301,"Ryan","Fischer",1910,633
"634",0.875372748606006,"Joshua","Anderson",1917,634
"635",3.44309644936845,"Taylor","Andersen",1915,635
"636",4.33005917170392,"Ashley","Cheng",1905,636
"637",-3.17313183651255,"John","Ashenfelter",1902,637
"638",0.184542497894024,"Nicholas","Andersen",1918,638
"639",2.84345336299592,"Justin","Mullins",1910,639
"640",-0.376071106173765,"Alexander","Todd",1909,640
"641",3.37485238115993,"Joseph","Christensen",1915,641
"642",6.52095690930804,"Ryan","Wolper",1921,642
"643",2.70051766293695,"Ryan","Goodwin",1916,643
"644",-1.69854691451325,"Sarah","Potter",1923,644
"645",1.04872423797211,"Alexander","Ashenfelter",1902,645
"646",0.65570985377597,"Alyssa","Smith",1911,646
"647",-0.766256918213907,"Olivia","Fischer",1918,647
"648",6.66277840732652,"Kayla","Goodwin",1912,648
"649",1.53999705643867,"Emily","Goodwin",1911,649
"650",3.93230968050989,"Matthew","Curry",1910,650
"651",0.253725335982675,"Emily","Christensen",1921,651
"652",1.41215880153203,"Megan","Andersen",1921,652
"653",0.951123211803136,"Alexis","Andersen",1914,653
"654",4.78686993470867,"Ryan","Campos",1902,654
"655",6.24493465334004,"Madison","Mullins",1908,655
"656",4.33820390159294,"Jessica","Webster",1913,656
"657",2.06777912552457,"Samantha","Walton",1924,657
"658",2.78166674390276,"Joshua","Goodwin",1900,658
"659",5.75325728384279,"Alexis","Wolper",1901,659
"660",3.2668740600467,"Kayla","Anderson",1912,660
"661",4.13367626389696,"Victoria","Mullins",1900,661
"662",3.62527163887046,"Michael","Walton",1915,662
"663",0.782999112775507,"Christopher","Webster",1903,663
"664",3.50667865487939,"Alyssa","Webster",1911,664
"665",3.21998343877561,"Megan","Potter",1911,665
"666",1.95287526218593,"Anthony","Campos",1910,666
"667",0.146538607883188,"Grace","Webster",1905,667
"668",0.956470315074416,"Olivia","Chang",1913,668
"669",3.25653182373212,"Joseph","Williams",1900,669
"670",4.01449780251611,"Zachary","Christensen",1917,670
"671",4.36596227751884,"Meghan","Williams",1924,671
"672",0.262272946517556,"Jacob","Molina",1903,672
"673",4.40225030278282,"Meghan","Campos",1911,673
"674",2.72870622076653,"Emily","Potter",1907,674
"675",3.14643719474891,"Joseph","Christensen",1905,675
"676",4.6816418766868,"Nicholas","Cheng",1913,676
"677",-0.259679667749438,"Emma","Johnson",1925,677
"678",1.01905277151536,"James","Campos",1920,678
"679",3.85340029454704,"Nicholas","Goodwin",1909,679
"680",1.16894211454312,"Ashley","Todd",1914,680
"681",3.41325070475853,"Taylor","Webster",1914,681
"682",1.98084240335981,"Ashley","Anderson",1917,682
"683",3.98356527084231,"Jacob","Fischer",1906,683
"684",3.55290404424523,"John","Smith",1923,684
"685",2.52477809848114,"Alexis","Anderson",1903,685
"686",3.80365226276566,"Christopher","Sherman",1923,686
"687",2.9504363492769,"Madison","Fischer",1922,687
"688",0.635968949666151,"Victoria","Potter",1919,688
"689",2.59256414950839,"Nicholas","Andersen",1914,689
"690",1.16228355778572,"Emma","Williams",1923,690
"691",6.53662193925123,"William","Brady",1924,691
"692",4.2687328752558,"Justin","Chang",1925,692
"693",5.72545073479449,"James","Smyth",1904,693
"694",-2.44156906601803,"Victoria","Williams",1911,694
"695",0.862760596001093,"Joseph","Potter",1919,695
"696",2.41217619380217,"Michael","Cheng",1920,696
"697",1.71127218941303,"Alexander","Sherman",1924,697
"698",3.34076531160227,"Christopher","Curry",1907,698
"699",3.84899219352115,"Emily","Walton",1925,699
"700",3.04038955094361,"Michael","Chang",1918,700
"701",-0.15122823128953,"Tyler","Johnson",1908,701
"702",3.84723942696526,"Elizabeth","Avila",1912,702
"703",4.24243126337426,"Joshua","Walton",1922,703
"704",-0.961719611293237,"Jacob","Potter",1915,704
"705",1.04329087874724,"Kayla","Sherman",1905,705
"706",0.116269855904656,"Kayla","Curry",1923,706
"707",3.05378630132596,"Emily","Wolper",1900,707
"708",5.92902214113453,"Ryan","Avila",1909,708
"709",3.65432423852031,"Madison","Curry",1920,709
"710",3.29795459724035,"Alexis","Ashenfelter",1920,710
"711",4.82480735775129,"Justin","Curry",1904,711
"712",0.843655336477306,"Taylor","Fischer",1923,712
"713",2.53311664094447,"Jessica","Mullins",1922,713
"714",0.800157363213165,"Tyler","Molina",1900,714
"715",1.25789493881627,"Christopher","Walton",1918,715
"716",2.33047870588817,"Olivia","Cheng",1920,716
"717",2.29111953004839,"Justin","Johnson",1919,717
"718",3.18209426604444,"Hannah","Cheng",1919,718
"719",4.39367929824403,"Emma","Campos",1907,719
"720",-0.408283271948343,"Jacob","Curry",1920,720
"721",2.75864393661616,"Matthew","Curry",1922,721
"722",2.38177334095024,"Sarah","Cheng",1907,722
"723",5.16566458533606,"Brandon","Andersen",1916,723
"724",3.68619461367332,"Megan","Campos",1923,724
"725",6.0308484297552,"James","Anderson",1906,725
"726",1.95261309797109,"Alexander","Walton",1913,726
"727",3.10290056370933,"Ashley","Johnson",1925,727
"728",2.70521209851684,"Elizabeth","Ashenfelter",1905,728
"729",2.00160590033161,"Kayla","Christensen",1902,729
"730",-0.420022853208713,"Jacob","Potter",1915,730
"731",-0.374946230652875,"Brandon","Avila",1904,731
"732",3.34148631055315,"Grace","Potter",1920,732
"733",-3.64232749433312,"Madison","Andersen",1917,733
"734",-5.08276200803308,"Meghan","Cheng",1909,734
"735",5.65713219466864,"John","Webster",1913,735
"736",2.77190144267832,"Jacob","Curry",1919,736
"737",1.41834369195134,"Alyssa","Fischer",1915,737
"738",2.43229050503742,"Brandon","Ashenfelter",1901,738
"739",2.74834721584977,"Rachel","Walton",1925,739
"740",2.8976970255352,"Sarah","Williams",1909,740
"741",0.23284227407925,"Kayla","Cheng",1922,741
"742",-0.465303352828573,"Michael","Williams",1921,742
"743",2.13704264580738,"Andrew","Andersen",1923,743
"744",-1.95316887262167,"Taylor","Sherman",1914,744
"745",1.56700067385982,"Jessica","Andersen",1901,745
"746",3.08261281670502,"Lauren","Mullins",1901,746
"747",0.88162906214924,"Tyler","Cheng",1903,747
"748",-0.300915632806475,"Taylor","Goodwin",1910,748
"749",6.13088236782776,"Joseph","Potter",1911,749
"750",5.32706282386695,"Joshua","Campos",1911,750
"751",2.91171194797739,"Kayla","Walton",1914,751
"752",0.245090752843872,"John","Brady",1914,752
"753",0.0553898121361772,"Rachel","Webster",1916,753
"754",4.06404219356674,"Taylor","Potter",1925,754
"755",0.791347842535151,"Ryan","Curry",1909,755
"756",4.43152354631294,"Tyler","Avila",1900,756
"757",2.03053848038137,"Ashley","Walton",1925,757
"758",3.09357268154683,"Zachary","Brady",1903,758
"759",-1.80531760973599,"Daniel","Sherman",1923,759
"760",-1.32920034446708,"Alexis","Wolper",1923,760
"761",3.86575074654763,"Hannah","Anderson",1917,761
"762",-0.520373965599396,"Christopher","Campos",1908,762
"763",5.34437481571748,"Ryan","Williams",1906,763
"764",0.45760419376033,"Rachel","Christensen",1923,764
"765",1.56842440033077,"Matthew","Potter",1924,765
"766",3.43308985635298,"Lauren","Smyth",1920,766
"767",0.808817248638648,"Brandon","Goodwin",1912,767
"768",3.8427578068861,"Hannah","Avila",1920,768
"769",4.51467615243557,"Kayla","Ashenfelter",1913,769
"770",0.342750081952424,"Emma","Cheng",1917,770
"771",2.57099080843662,"John","Mullins",1914,771
"772",2.64413328174782,"Samantha","Williams",1924,772
"773",3.77038447425085,"Zachary","Johnson",1921,773
"774",0.37038659617722,"James","Smith",1925,774
"775",2.21906011031291,"Christopher","Williams",1904,775
"776",3.96385691597663,"Taylor","Curry",1919,776
"777",0.773484158161444,"Alexis","Fischer",1924,777
"778",2.70220712082607,"Christopher","Christensen",1921,778
"779",1.27042316741127,"Nicholas","Wolper",1911,779
"780",3.02115694563492,"Lauren","Smith",1912,780
"781",3.7403841526357,"James","Christensen",1909,781
"782",1.24129415702979,"Sarah","Cheng",1904,782
"783",5.05408325878975,"Emily","Molina",1919,783
"784",-1.27900205725181,"Elizabeth","Campos",1901,784
"785",0.284608890886718,"Taylor","Mullins",1910,785
"786",4.181795516401,"Megan","Cheng",1902,786
"787",4.56278260734636,"Tyler","Molina",1911,787
"788",3.57980388600303,"Kayla","Sherman",1905,788
"789",1.30197906517799,"Andrew","Johnson",1905,789
"790",-1.071811332445,"Alexander","Ashenfelter",1907,790
"791",0.872753113109906,"Tyler","Goodwin",1921,791
"792",1.58892011101759,"Lauren","Walton",1910,792
"793",3.43842459246441,"Victoria","Cheng",1921,793
"794",-3.26264766458134,"Tyler","Wolper",1904,794
"795",3.90933766758738,"Alyssa","Walton",1910,795
"796",2.14409374289723,"Grace","Fischer",1903,796
"797",2.99669321441205,"Sarah","Brady",1920,797
"798",1.90887329360911,"Lauren","Webster",1908,798
"799",4.23693541611359,"Emily","Johnson",1923,799
"800",-1.02854598593667,"James","Fischer",1901,800
"801",5.28915711288432,"Anthony","Mullins",1923,801
"802",2.66859672014481,"Joshua","Curry",1918,802
"803",3.03925607505381,"Daniel","Brady",1915,803
"804",4.20961424305947,"Olivia","Wolper",1923,804
"805",2.40502747710426,"Olivia","Webster",1914,805
"806",-1.1719091137485,"Ryan","Ashenfelter",1922,806
"807",2.68139332095553,"Sarah","Ashenfelter",1914,807
"808",4.79222672795893,"Zachary","Curry",1920,808
"809",1.57549246089238,"Michael","Sherman",1908,809
"810",2.03274526995102,"Joshua","Wolper",1912,810
"811",3.86915273870147,"Anthony","Cheng",1907,811
"812",4.90539927886938,"Nicholas","Walton",1907,812
"813",2.93804420231622,"Andrew","Christensen",1916,813
"814",-2.63290785443854,"John","Sherman",1919,814
"815",1.71057127814067,"Grace","Campos",1910,815
"816",0.876036873207788,"William","Cheng",1909,816
"817",4.49286969630969,"Taylor","Johnson",1917,817
"818",2.35398106942726,"James","Johnson",1911,818
"819",0.492434952053667,"Ryan","Wolper",1921,819
"820",2.60609098401324,"Madison","Potter",1921,820
"821",2.84753683997428,"Michael","Christensen",1905,821
"822",5.23025984058667,"Emily","Christensen",1916,822
"823",2.2926526824488,"Samantha","Wolper",1905,823
"824",2.3457200035859,"Taylor","Anderson",1911,824
"825",2.6570192288101,"Madison","Anderson",1920,825
"826",3.77707958476421,"Andrew","Johnson",1910,826
"827",5.59516779751959,"Anthony","Williams",1921,827
"828",6.44583942114132,"Emma","Mullins",1901,828
"829",1.61929698967932,"Justin","Potter",1909,829
"830",0.670112819096392,"Lauren","Williams",1919,830
"831",4.5158497633349,"Joshua","Smyth",1904,831
"832",3.63448991666809,"Madison","Goodwin",1922,832
"833",3.53617814421357,"Olivia","Avila",1900,833
"834",3.47390754539659,"Brandon","Webster",1911,834
"835",4.25567076439457,"Daniel","Chang",1911,835
"836",4.82940307658113,"Meghan","Brady",1905,836
"837",5.4331219322684,"Michael","Andersen",1919,837
"838",4.71194497597039,"Elizabeth","Smyth",1916,838
"839",3.74870389153721,"Brandon","Walton",1920,839
"840",2.91957757208794,"Jessica","Molina",1904,840
"841",1.15289408899208,"Alexis","Walton",1919,841
"842",1.98603400908235,"Victoria","Campos",1914,842
"843",5.43695698330268,"Anthony","Sherman",1922,843
"844",1.64272693848357,"Hannah","Cheng",1903,844
"845",1.20545465931287,"Joseph","Anderson",1910,845
"846",0.406728251940245,"Anthony","Christensen",1907,846
"847",1.24425862525283,"Samantha","Brady",1913,847
"848",0.46637248878485,"Kayla","Smith",1921,848
"849",3.57882131270345,"Zachary","Fischer",1914,849
"850",4.16064288241376,"Sarah","Brady",1901,850
"851",4.17370384430371,"Zachary","Molina",1922,851
"852",2.55014836992664,"Emily","Williams",1910,852
"853",4.39064759477321,"Kayla","Smith",1920,853
"854",3.1373161665253,"Michael","Avila",1910,854
"855",2.43957164270458,"Elizabeth","Walton",1903,855
"856",5.16135901161749,"Alexander","Fischer",1918,856
"857",1.40589379238092,"Michael","Sherman",1905,857
"858",1.38724976451605,"Michael","Smyth",1903,858
"859",4.43378712466131,"Andrew","Brady",1923,859
"860",-0.365599796363908,"Lauren","Walton",1907,860
"861",-1.29193825231364,"Tyler","Andersen",1917,861
"862",2.32137194826112,"Grace","Fischer",1910,862
"863",2.48615228120198,"Joshua","Smith",1924,863
"864",2.39101817405466,"Alexis","Goodwin",1902,864
"865",2.80540948960598,"Sarah","Mullins",1905,865
"866",5.47006958770255,"Ashley","Sherman",1922,866
"867",1.73647997684905,"Daniel","Sherman",1903,867
"868",2.31364077685367,"Tyler","Smyth",1900,868
"869",4.20468693650756,"Meghan","Curry",1921,869
"870",-1.93105216085279,"Alexis","Chang",1922,870
"871",1.97573603595966,"James","Potter",1911,871
"872",0.219147784016356,"David","Walton",1910,872
"873",4.48709349078689,"Emily","Goodwin",1919,873
"874",-0.61880623632086,"Emily","Smyth",1913,874
"875",2.58348727285371,"Victoria","Williams",1923,875
"876",2.10027319304165,"Daniel","Potter",1924,876
"877",1.16003290499915,"Anthony","Christensen",1903,877
"878",-0.779612671563081,"Joseph","Smith",1919,878
"879",0.650340339480575,"Madison","Chang",1903,879
"880",2.97878215751761,"Daniel","Sherman",1910,880
"881",5.92321793919631,"Sarah","Fischer",1924,881
"882",1.50424179619308,"Alexis","Williams",1921,882
"883",0.874405909758779,"Joseph","Cheng",1925,883
"884",2.23370120511088,"Madison","Avila",1915,884
"885",5.16340653001621,"Ryan","Christensen",1913,885
"886",2.40480897614677,"Victoria","Smith",1903,886
"887",4.45566246572561,"Alexander","Avila",1920,887
"888",1.70945226514601,"Alexis","Brady",1921,888
"889",1.94118633254472,"Brandon","Molina",1913,889
"890",0.281028573731031,"Alexis","Chang",1906,890
"891",6.20584662409301,"Madison","Potter",1916,891
"892",2.64248256105456,"Victoria","Johnson",1901,892
"893",6.93886192972374,"Zachary","Curry",1905,893
"894",3.25988393822543,"Matthew","Johnson",1905,894
"895",0.450248375448362,"Ashley","Campos",1904,895
"896",2.60510734847107,"Joshua","Potter",1911,896
"897",1.04877136922588,"Alyssa","Sherman",1912,897
"898",2.79933761721433,"Tyler","Mullins",1901,898
"899",3.79006679123262,"Hannah","Wolper",1912,899
"900",4.80579023230105,"Grace","Williams",1905,900
"901",3.31217530287474,"Ashley","Walton",1912,901
"902",1.11468562960282,"Olivia","Potter",1915,902
"903",-2.32858708764065,"Andrew","Andersen",1900,903
"904",-0.169029260931196,"Alexander","Campos",1920,904
"905",0.478155276387441,"Megan","Goodwin",1925,905
"906",3.93048126582202,"Victoria","Christensen",1921,906
"907",1.72956428896077,"Brandon","Brady",1920,907
"908",1.87896670763261,"Megan","Smith",1917,908
"909",-1.24119354609934,"Elizabeth","Smith",1901,909
"910",3.74985180724294,"Christopher","Walton",1903,910
"911",3.31534314203272,"Samantha","Chang",1909,911
"912",1.86982466499423,"Justin","Avila",1901,912
"913",3.14520803103799,"Anthony","Todd",1906,913
"914",3.6137048027665,"Madison","Goodwin",1912,914
"915",-1.19936182110043,"Rachel","Curry",1909,915
"916",0.533988310193169,"Matthew","Potter",1906,916
"917",-0.218961837658775,"James","Chang",1900,917
"918",1.26733349145141,"Joshua","Molina",1919,918
"919",-0.977458140882317,"Ryan","Avila",1910,919
"920",1.00502947159195,"James","Webster",1913,920
"921",3.09754121719011,"Ryan","Johnson",1916,921
"922",1.49160365161609,"Alyssa","Chang",1908,922
"923",1.66997878678285,"Ryan","Curry",1900,923
"924",4.6897707942625,"Ryan","Cheng",1904,924
"925",3.78196344127256,"Nicholas","Wolper",1901,925
"926",2.73217076442065,"Matthew","Brady",1921,926
"927",8.46686197824653,"Nicholas","Christensen",1901,927
"928",3.96402312977698,"Andrew","Goodwin",1903,928
"929",0.161728944114233,"Elizabeth","Cheng",1910,929
"930",2.49329241160364,"Samantha","Chang",1904,930
"931",2.22082816879507,"Matthew","Walton",1924,931
"932",1.53776657720906,"John","Brady",1905,932
"933",-0.82824757547387,"Joseph","Christensen",1916,933
"934",3.86993004058661,"Michael","Walton",1903,934
"935",-1.46227872780416,"Christopher","Christensen",1900,935
"936",3.01662462892878,"Anthony","Campos",1902,936
"937",1.08013565927175,"Ryan","Sherman",1923,937
"938",2.93455536506067,"Andrew","Todd",1912,938
"939",0.6005327426627,"Megan","Goodwin",1915,939
"940",0.212192599851718,"Brandon","Johnson",1924,940
"941",0.943296146717047,"Taylor","Mullins",1920,941
"942",1.38432625191706,"Elizabeth","Smyth",1901,942
"943",5.09801174997257,"Zachary","Wolper",1916,943
"944",-0.114574752469953,"Anthony","Todd",1920,944
"945",0.484922335821994,"Nicholas","Todd",1905,945
"946",-1.32065307323905,"Brandon","Ashenfelter",1909,946
"947",-1.81726559389729,"David","Johnson",1915,947
"948",1.78841499314113,"Megan","Williams",1914,948
"949",3.0098871351217,"Brandon","Goodwin",1911,949
"950",0.56470780230817,"Grace","Smith",1913,950
"951",4.06658484231635,"Samantha","Christensen",1920,951
"952",0.801181185558818,"Lauren","Ashenfelter",1903,952
"953",1.66918840116807,"Zachary","Sherman",1917,953
"954",2.54960100358397,"Daniel","Webster",1903,954
"955",-2.91021279385603,"Madison","Potter",1922,955
"956",2.12572695507959,"Joshua","Williams",1919,956
"957",1.07282840227623,"Victoria","Curry",1911,957
"958",-0.419967907361062,"Joseph","Campos",1921,958
"959",-0.25307656820607,"Michael","Molina",1918,959
"960",2.92198599149972,"Olivia","Wolper",1913,960
"961",3.29980565515953,"Michael","Ashenfelter",1919,961
"962",0.52740875219641,"James","Smyth",1911,962
"963",4.29817625333202,"Taylor","Todd",1913,963
"964",2.33402901107535,"Alyssa","Sherman",1914,964
"965",4.3881638669862,"Anthony","Christensen",1913,965
"966",0.726681557110407,"Joseph","Wolper",1900,966
"967",7.69628805644821,"Taylor","Cheng",1906,967
"968",2.15135068864189,"Grace","Ashenfelter",1910,968
"969",3.91801100877822,"Joseph","Andersen",1905,969
"970",6.63261286640267,"Grace","Wolper",1909,970
"971",3.93836562152527,"James","Molina",1924,971
"972",4.48269454362227,"William","Christensen",1918,972
"973",2.45450418040179,"Alexander","Johnson",1912,973
"974",0.744125934619308,"Megan","Andersen",1914,974
"975",1.66005079071721,"Jessica","Campos",1902,975
"976",2.68886128450404,"Joshua","Avila",1904,976
"977",1.85920817347206,"Meghan","Molina",1910,977
"978",5.10903083501493,"Emma","Christensen",1903,978
"979",3.03411535358829,"Joshua","Sherman",1914,979
"980",-1.50256944396263,"David","Avila",1905,980
"981",1.2724355472301,"Grace","Molina",1903,981
"982",2.24969442117867,"Michael","Mullins",1903,982
"983",-2.45618535883332,"Nicholas","Todd",1920,983
"984",1.11318710221176,"Jacob","Potter",1917,984
"985",4.1907533038898,"Kayla","Andersen",1902,985
"986",2.40168153826313,"John","Sherman",1921,986
"987",2.100491530789,"Anthony","Anderson",1912,987
"988",2.08237942487011,"Jacob","Williams",1907,988
"989",0.474800708750787,"Christopher","Wolper",1917,989
"990",4.16663760193646,"Alyssa","Andersen",1914,990
"991",1.78676768287835,"Brandon","Walton",1917,991
"992",3.05706887255583,"Elizabeth","Anderson",1914,992
"993",2.45175274505903,"Brandon","Campos",1919,993
"994",1.50079325179185,"Rachel","Wolper",1913,994
"995",-0.856079831004602,"Alexis","Molina",1911,995
"996",3.19985251423329,"Elizabeth","Walton",1914,996
"997",2.85820727242988,"Daniel","Johnson",1908,997
"998",-3.00733319859364,"Taylor","Ashenfelter",1918,998
"999",1.76361106270449,"Andrew","Chang",1922,999
"1000",2.53709674013644,"James","Potter",1903,1000
